/* OC_PERSON DATA ENTERIES */
INSERT INTO OC_PERSON (CNIC, FIRST_NAME, LAST_NAME, ADDRESS, AGE, GENDER, DOB, NATIONALITY, EMAIL) VALUES ('3320218245881', 'Landon', 'Maxwell', '1359 Sizavu Place', '28', 'F', '8/5/1998', 'PAKISTANI', 'kacal@safifa.ca
')
INSERT INTO OC_PERSON (CNIC, FIRST_NAME, LAST_NAME, ADDRESS, AGE, GENDER, DOB, NATIONALITY, EMAIL) VALUES ('3320218245882', 'Emilie', 'Horton', '1352 Guka Heights', '50', 'F', '1/25/1991', 'PAKISTANI', 'kacvev@ebeh.ki
')
INSERT INTO OC_PERSON (CNIC, FIRST_NAME, LAST_NAME, ADDRESS, AGE, GENDER, DOB, NATIONALITY, EMAIL) VALUES ('3320218245883', 'Trevor', 'Cannon', '1989 Nuowa Center', '44', 'M', '2/28/1957', 'PAKISTANI', 'vosbuhej@aweim.cr
')
INSERT INTO OC_PERSON (CNIC, FIRST_NAME, LAST_NAME, ADDRESS, AGE, GENDER, DOB, NATIONALITY, EMAIL) VALUES ('3320218245884', 'Isabelle', 'Aguilar', '1685 Hokbe Extension', '26', 'M', '7/31/1973', 'PAKISTANI', 'ewokifo@vasoz.ve
')
INSERT INTO OC_PERSON (CNIC, FIRST_NAME, LAST_NAME, ADDRESS, AGE, GENDER, DOB, NATIONALITY, EMAIL) VALUES ('3320218245885', 'Sean', 'Foster', '1149 Gader Lane', '48', 'F', '3/1/1983', 'PAKISTANI', 'jik@tu.gh
')
INSERT INTO OC_PERSON (CNIC, FIRST_NAME, LAST_NAME, ADDRESS, AGE, GENDER, DOB, NATIONALITY, EMAIL) VALUES ('3320218245886', 'Thomas', 'Craig', '521 Jeso Highway', '43', 'F', '8/8/1963', 'PAKISTANI', 'ubihag@fok.tw
')
INSERT INTO OC_PERSON (CNIC, FIRST_NAME, LAST_NAME, ADDRESS, AGE, GENDER, DOB, NATIONALITY, EMAIL) VALUES ('3320218245887', 'Louisa', 'Osborne', '710 Ajfo Junction', '46', 'F', '10/3/1959', 'PAKISTANI', 'epodiw@zupce.kw
')
INSERT INTO OC_PERSON (CNIC, FIRST_NAME, LAST_NAME, ADDRESS, AGE, GENDER, DOB, NATIONALITY, EMAIL) VALUES ('3320218245888', 'Ronald', 'Fisher', '881 Fewdij Point', '53', 'M', '6/21/1994', 'PAKISTANI', 'hogpuf@junwo.mz
')
INSERT INTO OC_PERSON (CNIC, FIRST_NAME, LAST_NAME, ADDRESS, AGE, GENDER, DOB, NATIONALITY, EMAIL) VALUES ('3320218245889', 'Sarah', 'Cross', '505 Kanhig Parkway', '23', 'M', '5/17/1994', 'AMERICAN', 'ov@jafi.gi
')
INSERT INTO OC_PERSON (CNIC, FIRST_NAME, LAST_NAME, ADDRESS, AGE, GENDER, DOB, NATIONALITY, EMAIL) VALUES ('3320218245890', 'Seth', 'Blake', '1875 Uwupi Path', '55', 'F', '1/2/1992', 'AMERICAN', 'gogokahe@kaf.cn
')
INSERT INTO OC_PERSON (CNIC, FIRST_NAME, LAST_NAME, ADDRESS, AGE, GENDER, DOB, NATIONALITY, EMAIL) VALUES ('3320218245891', 'Maggie', 'Brooks', '1843 Efci Drive', '49', 'M', '11/7/1989', 'AMERICAN', 'sibenbi@jelo.rs
')
INSERT INTO OC_PERSON (CNIC, FIRST_NAME, LAST_NAME, ADDRESS, AGE, GENDER, DOB, NATIONALITY, EMAIL) VALUES ('3320218245892', 'Daisy', 'Byrd', '1217 Fihev Heights', '64', 'F', '6/13/1965', 'AMERICAN', 'hov@aweobe.cu
')
INSERT INTO OC_PERSON (CNIC, FIRST_NAME, LAST_NAME, ADDRESS, AGE, GENDER, DOB, NATIONALITY, EMAIL) VALUES ('3320218245893', 'Cynthia', 'Chavez', '1002 Ejluv Street', '33', 'M', '9/8/1994', 'AMERICAN', 'ba@ag.is
')
INSERT INTO OC_PERSON (CNIC, FIRST_NAME, LAST_NAME, ADDRESS, AGE, GENDER, DOB, NATIONALITY, EMAIL) VALUES ('3320218245894', 'Darrell', 'Webb', '1670 Revera Park', '38', 'M', '11/30/1958', 'AMERICAN', 'azica@pehojifec.bz
')
INSERT INTO OC_PERSON (CNIC, FIRST_NAME, LAST_NAME, ADDRESS, AGE, GENDER, DOB, NATIONALITY, EMAIL) VALUES ('3320218245895', 'Stella', 'Freeman', '835 Gusni Heights', '62', 'F', '2/5/1984', 'AMERICAN', 'koctavem@kovuj.do
')
INSERT INTO OC_PERSON (CNIC, FIRST_NAME, LAST_NAME, ADDRESS, AGE, GENDER, DOB, NATIONALITY, EMAIL) VALUES ('3320218245896', 'Andre', 'Turner', '1447 Luiti Manor', '23', 'F', '9/30/1996', 'INDIAN', 'aclikkol@lakjo.bz
')
INSERT INTO OC_PERSON (CNIC, FIRST_NAME, LAST_NAME, ADDRESS, AGE, GENDER, DOB, NATIONALITY, EMAIL) VALUES ('3320218245897', 'Rosalie', 'McBride', '470 Ijeutu River', '28', 'F', '10/31/1997', 'INDIAN', 'upzov@liiwiv.kg
')
INSERT INTO OC_PERSON (CNIC, FIRST_NAME, LAST_NAME, ADDRESS, AGE, GENDER, DOB, NATIONALITY, EMAIL) VALUES ('3320218245898', 'Cameron', 'Hall', '799 Fevo Mill', '50', 'F', '8/8/1955', 'INDIAN', 'icuilze@iki.pg
')
INSERT INTO OC_PERSON (CNIC, FIRST_NAME, LAST_NAME, ADDRESS, AGE, GENDER, DOB, NATIONALITY, EMAIL) VALUES ('3320218245899', 'Michael', 'Ross', '1115 Waze Street', '48', 'F', '10/8/1956', 'INDIAN', 'tuhi@tuc.vi
')
INSERT INTO OC_PERSON (CNIC, FIRST_NAME, LAST_NAME, ADDRESS, AGE, GENDER, DOB, NATIONALITY, EMAIL) VALUES ('3320218245900', 'Rose', 'Griffith', '468 Vose Ridge', '54', 'M', '4/13/1980', 'INDIAN', 'apzuj@herwob.sb
')
INSERT INTO OC_PERSON (CNIC, FIRST_NAME, LAST_NAME, ADDRESS, AGE, GENDER, DOB, NATIONALITY, EMAIL) VALUES ('3320218245901', 'Henry', 'Riley', '1753 Kape Point', '20', 'F', '9/2/1998', 'INDIAN', 'bur@nef.my
')
INSERT INTO OC_PERSON (CNIC, FIRST_NAME, LAST_NAME, ADDRESS, AGE, GENDER, DOB, NATIONALITY, EMAIL) VALUES ('3320218245902', 'Kyle', 'Evans', '1923 Rejgo River', '38', 'M', '10/2/1958', 'INDIAN', 'pah@pewahow.pg
')
INSERT INTO OC_PERSON (CNIC, FIRST_NAME, LAST_NAME, ADDRESS, AGE, GENDER, DOB, NATIONALITY, EMAIL) VALUES ('3320218245903', 'Chester', 'Floyd', '276 Izure Heights', '35', 'M', '12/31/2002', 'INDIAN', 'jum@besbuudo.sj
')
INSERT INTO OC_PERSON (CNIC, FIRST_NAME, LAST_NAME, ADDRESS, AGE, GENDER, DOB, NATIONALITY, EMAIL) VALUES ('3320218245904', 'Dean', 'Richardson', '758 Upat Grove', '21', 'F', '12/5/1969', 'INDIAN', 'lucliji@supje.ad
')
INSERT INTO OC_PERSON (CNIC, FIRST_NAME, LAST_NAME, ADDRESS, AGE, GENDER, DOB, NATIONALITY, EMAIL) VALUES ('3320218245905', 'Claudia', 'Holt', '1908 Tohjew Street', '31', 'M', '6/20/1972', 'BRITISH', 'fo@ika.ie
')
INSERT INTO OC_PERSON (CNIC, FIRST_NAME, LAST_NAME, ADDRESS, AGE, GENDER, DOB, NATIONALITY, EMAIL) VALUES ('3526210098780', 'Clarence', 'Hogan', '1009 Kasic Mill', '54', 'M', '12/1/1960', 'BRITISH', 'gob@lahubo.sg
')
INSERT INTO OC_PERSON (CNIC, FIRST_NAME, LAST_NAME, ADDRESS, AGE, GENDER, DOB, NATIONALITY, EMAIL) VALUES ('3526210098781', 'Nora', 'Benson', '695 Sekfeb Center', '27', 'F', '12/12/1996', 'BRITISH', 'nuewsam@faj.mc
')
INSERT INTO OC_PERSON (CNIC, FIRST_NAME, LAST_NAME, ADDRESS, AGE, GENDER, DOB, NATIONALITY, EMAIL) VALUES ('3526210098782', 'Ollie', 'Douglas', '1514 Uhuwul Mill', '62', 'M', '2/24/1958', 'BRITISH', 'ofo@ko.ag
')
INSERT INTO OC_PERSON (CNIC, FIRST_NAME, LAST_NAME, ADDRESS, AGE, GENDER, DOB, NATIONALITY, EMAIL) VALUES ('3526210098783', 'Hallie', 'Sutton', '927 Mapa Parkway', '43', 'M', '12/22/1985', 'BRITISH', 'aziop@romzofok.ar
')
INSERT INTO OC_PERSON (CNIC, FIRST_NAME, LAST_NAME, ADDRESS, AGE, GENDER, DOB, NATIONALITY, EMAIL) VALUES ('3526210098784', 'Kate', 'Perkins', '1716 Roven View', '40', 'M', '2/24/1978', 'BRITISH', 'si@hupu.mw
')
INSERT INTO OC_PERSON (CNIC, FIRST_NAME, LAST_NAME, ADDRESS, AGE, GENDER, DOB, NATIONALITY, EMAIL) VALUES ('3526210098785', 'Gussie', 'Woods', '1436 Emmov Road', '27', 'F', '5/23/1957', 'BRITISH', 'sopekol@be.uk
')
INSERT INTO OC_PERSON (CNIC, FIRST_NAME, LAST_NAME, ADDRESS, AGE, GENDER, DOB, NATIONALITY, EMAIL) VALUES ('3526210098786', 'Inez', 'Wolfe', '517 Rahba Terrace', '18', 'F', '5/21/1959', 'BRITISH', 'rab@be.si
')
INSERT INTO OC_PERSON (CNIC, FIRST_NAME, LAST_NAME, ADDRESS, AGE, GENDER, DOB, NATIONALITY, EMAIL) VALUES ('3526210098787', 'Leah', 'Henry', '93 Cehos Highway', '33', 'M', '2/23/2000', 'BRITISH', 'kehepe@kube.bj
')
INSERT INTO OC_PERSON (CNIC, FIRST_NAME, LAST_NAME, ADDRESS, AGE, GENDER, DOB, NATIONALITY, EMAIL) VALUES ('3526210098788', 'Teresa', 'Gregory', '480 Mojrew Mill', '49', 'F', '6/2/1967', 'BRITISH', 'ro@dukuzji.bz
')
INSERT INTO OC_PERSON (CNIC, FIRST_NAME, LAST_NAME, ADDRESS, AGE, GENDER, DOB, NATIONALITY, EMAIL) VALUES ('3526210098789', 'Willie', 'Ray', '1231 Peut Manor', '39', 'F', '8/30/1977', 'BRITISH', 'hugrovad@holloh.bn
')
INSERT INTO OC_PERSON (CNIC, FIRST_NAME, LAST_NAME, ADDRESS, AGE, GENDER, DOB, NATIONALITY, EMAIL) VALUES ('3526210098790', 'Earl', 'Clayton', '619 Kahha View', '40', 'M', '10/6/1986', 'BRITISH', 'kogba@toodreb.gt
')
INSERT INTO OC_PERSON (CNIC, FIRST_NAME, LAST_NAME, ADDRESS, AGE, GENDER, DOB, NATIONALITY, EMAIL) VALUES ('3526210098791', 'Teresa', 'Gutierrez', '1761 Ameunu Park', '50', 'M', '8/2/1968', 'BRITISH', 'rovoeko@wic.li
')
INSERT INTO OC_PERSON (CNIC, FIRST_NAME, LAST_NAME, ADDRESS, AGE, GENDER, DOB, NATIONALITY, EMAIL) VALUES ('3526210098792', 'Lawrence', 'Pierce', '1554 Ritwif Boulevard', '19', 'F', '1/26/1958', 'BRITISH', 'keseb@tetaj.mv
')
INSERT INTO OC_PERSON (CNIC, FIRST_NAME, LAST_NAME, ADDRESS, AGE, GENDER, DOB, NATIONALITY, EMAIL) VALUES ('3526210098793', 'Kyle', 'Lawson', '1220 Orobos Center', '48', 'F', '6/6/1971', 'BRITISH', 'bosullu@pofod.gd
')
INSERT INTO OC_PERSON (CNIC, FIRST_NAME, LAST_NAME, ADDRESS, AGE, GENDER, DOB, NATIONALITY, EMAIL) VALUES ('3526210098794', 'Bessie', 'Schwartz', '446 Soze Center', '20', 'M', '5/12/1975', 'BRITISH', 'ej@gapahnuk.pr
')
INSERT INTO OC_PERSON (CNIC, FIRST_NAME, LAST_NAME, ADDRESS, AGE, GENDER, DOB, NATIONALITY, EMAIL) VALUES ('3526210098795', 'Mary', 'Bailey', '795 Cekgo View', '45', 'F', '12/25/1969', 'BRITISH', 'bipacpen@dotduf.uk
')
INSERT INTO OC_PERSON (CNIC, FIRST_NAME, LAST_NAME, ADDRESS, AGE, GENDER, DOB, NATIONALITY, EMAIL) VALUES ('3526210098796', 'Carlos', 'Weaver', '1329 Iwuni Place', '48', 'M', '12/2/1985', 'BRITISH', 'fiwacbuw@dejwoczu.ma
')
INSERT INTO OC_PERSON (CNIC, FIRST_NAME, LAST_NAME, ADDRESS, AGE, GENDER, DOB, NATIONALITY, EMAIL) VALUES ('3526210098797', 'Cornelia', 'Terry', '190 Ekuri Heights', '28', 'F', '11/5/1988', 'SCOTTISH', 'rehzub@cih.ro
')
INSERT INTO OC_PERSON (CNIC, FIRST_NAME, LAST_NAME, ADDRESS, AGE, GENDER, DOB, NATIONALITY, EMAIL) VALUES ('3526210098798', 'Jeremiah', 'Burton', '742 Mabmi Turnpike', '55', 'F', '12/12/1974', 'SCOTTISH', 'feh@pu.tk
')
INSERT INTO OC_PERSON (CNIC, FIRST_NAME, LAST_NAME, ADDRESS, AGE, GENDER, DOB, NATIONALITY, EMAIL) VALUES ('3526210098799', 'Angel', 'Paul', '1668 Samzi View', '39', 'M', '9/1/1986', 'SCOTTISH', 'ucidu@esejig.mc
')
INSERT INTO OC_PERSON (CNIC, FIRST_NAME, LAST_NAME, ADDRESS, AGE, GENDER, DOB, NATIONALITY, EMAIL) VALUES ('3526210098800', 'Jared', 'Osborne', '349 Luviw Lane', '62', 'M', '10/16/1959', 'SCOTTISH', 'bilusaku@sol.li
')
INSERT INTO OC_PERSON (CNIC, FIRST_NAME, LAST_NAME, ADDRESS, AGE, GENDER, DOB, NATIONALITY, EMAIL) VALUES ('3526210098801', 'Martha', 'Burton', '1086 Mujsos Path', '49', 'F', '7/17/1992', 'SCOTTISH', 're@la.my
')
INSERT INTO OC_PERSON (CNIC, FIRST_NAME, LAST_NAME, ADDRESS, AGE, GENDER, DOB, NATIONALITY, EMAIL) VALUES ('3526210098802', 'Jerome', 'Alvarez', '721 Tube Turnpike', '51', 'M', '8/29/1962', 'SCOTTISH', 'li@ufoninzo.sl
')
INSERT INTO OC_PERSON (CNIC, FIRST_NAME, LAST_NAME, ADDRESS, AGE, GENDER, DOB, NATIONALITY, EMAIL) VALUES ('3526210098803', 'Derrick', 'Torres', '747 Iffo Park', '62', 'M', '3/16/1972', 'SCOTTISH', 'fe@pokgucori.sl
')
INSERT INTO OC_PERSON (CNIC, FIRST_NAME, LAST_NAME, ADDRESS, AGE, GENDER, DOB, NATIONALITY, EMAIL) VALUES ('3526210098804', 'Olive', 'Houston', '1484 Pakzeh Court', '41', 'M', '1/19/1966', 'SCOTTISH', 'tepbub@aggu.bz
')
INSERT INTO OC_PERSON (CNIC, FIRST_NAME, LAST_NAME, ADDRESS, AGE, GENDER, DOB, NATIONALITY, EMAIL) VALUES ('1644425695211', 'Dale', 'Harvey', '1133 Siice Court', '35', 'M', '2/16/1978', 'SCOTTISH', 'kus@vu.ai
')
INSERT INTO OC_PERSON (CNIC, FIRST_NAME, LAST_NAME, ADDRESS, AGE, GENDER, DOB, NATIONALITY, EMAIL) VALUES ('1644425695212', 'Ella', 'Greene', '328 Nirih Avenue', '60', 'M', '12/19/1985', 'SCOTTISH', 'akuvi@ciskar.ge
')
INSERT INTO OC_PERSON (CNIC, FIRST_NAME, LAST_NAME, ADDRESS, AGE, GENDER, DOB, NATIONALITY, EMAIL) VALUES ('1644425695213', 'Chris', 'Carr', '313 Ahsu Court', '54', 'M', '3/7/1993', 'SCOTTISH', 'geomez@fer.id
')
INSERT INTO OC_PERSON (CNIC, FIRST_NAME, LAST_NAME, ADDRESS, AGE, GENDER, DOB, NATIONALITY, EMAIL) VALUES ('1644425695214', 'Luella', 'Hopkins', '2000 Ujaoka Way', '25', 'M', '5/1/1992', 'SCOTTISH', 'pujimuku@imra.bq
')
INSERT INTO OC_PERSON (CNIC, FIRST_NAME, LAST_NAME, ADDRESS, AGE, GENDER, DOB, NATIONALITY, EMAIL) VALUES ('1644425695215', 'Ruth', 'Lane', '1717 Tiola Pike', '60', 'M', '2/6/1993', 'SCOTTISH', 'muv@comcir.pw
')
INSERT INTO OC_PERSON (CNIC, FIRST_NAME, LAST_NAME, ADDRESS, AGE, GENDER, DOB, NATIONALITY, EMAIL) VALUES ('1644425695216', 'Ola', 'Daniel', '673 Osgap Junction', '64', 'M', '2/12/1983', 'SCOTTISH', 'kanuj@ironipuc.sc
')
INSERT INTO OC_PERSON (CNIC, FIRST_NAME, LAST_NAME, ADDRESS, AGE, GENDER, DOB, NATIONALITY, EMAIL) VALUES ('1644425695217', 'Marian', 'Castillo', '1458 Sidjej Avenue', '62', 'M', '11/11/1967', 'SCOTTISH', 'ciglu@dicrej.gw
')
INSERT INTO OC_PERSON (CNIC, FIRST_NAME, LAST_NAME, ADDRESS, AGE, GENDER, DOB, NATIONALITY, EMAIL) VALUES ('1644425695218', 'Jeremy', 'Vega', '708 Wecir Boulevard', '21', 'F', '5/3/1961', 'SCOTTISH', 'hokfubci@rowombeb.mp
')
INSERT INTO OC_PERSON (CNIC, FIRST_NAME, LAST_NAME, ADDRESS, AGE, GENDER, DOB, NATIONALITY, EMAIL) VALUES ('1644425695219', 'Winnie', 'Tyler', '815 Fuhi Pass', '59', 'F', '6/5/1993', 'SCOTTISH', 'tebe@lafobfir.pt
')
INSERT INTO OC_PERSON (CNIC, FIRST_NAME, LAST_NAME, ADDRESS, AGE, GENDER, DOB, NATIONALITY, EMAIL) VALUES ('1644425695220', 'Lloyd', 'Lindsey', '1544 Tiruh Pike', '32', 'F', '2/19/1964', 'WELSH', 'jo@ke.pm
')
INSERT INTO OC_PERSON (CNIC, FIRST_NAME, LAST_NAME, ADDRESS, AGE, GENDER, DOB, NATIONALITY, EMAIL) VALUES ('1644425695221', 'Elmer', 'Ballard', '1910 Ogpa Circle', '23', 'M', '3/14/1970', 'WELSH', 'de@lirwadet.mc
')
INSERT INTO OC_PERSON (CNIC, FIRST_NAME, LAST_NAME, ADDRESS, AGE, GENDER, DOB, NATIONALITY, EMAIL) VALUES ('1644425695222', 'Terry', 'Lowe', '64 Tunaj Pike', '59', 'F', '12/16/1988', 'WELSH', 'ika@mila.sn
')
INSERT INTO OC_PERSON (CNIC, FIRST_NAME, LAST_NAME, ADDRESS, AGE, GENDER, DOB, NATIONALITY, EMAIL) VALUES ('1644425695223', 'Leah', 'Todd', '1284 Metum Street', '50', 'F', '3/15/1990', 'WELSH', 'haw@kegmusal.sd
')
INSERT INTO OC_PERSON (CNIC, FIRST_NAME, LAST_NAME, ADDRESS, AGE, GENDER, DOB, NATIONALITY, EMAIL) VALUES ('1644425695224', 'Marc', 'Walsh', '1274 Derus Square', '25', 'F', '2/18/1998', 'WELSH', 'zunwu@hi.rw
')
INSERT INTO OC_PERSON (CNIC, FIRST_NAME, LAST_NAME, ADDRESS, AGE, GENDER, DOB, NATIONALITY, EMAIL) VALUES ('1644425695225', 'Christopher', 'Parks', '675 Tejes Avenue', '53', 'F', '3/22/1999', 'WELSH', 'not@hedtu.cr
')
INSERT INTO OC_PERSON (CNIC, FIRST_NAME, LAST_NAME, ADDRESS, AGE, GENDER, DOB, NATIONALITY, EMAIL) VALUES ('1644425695226', 'Adelaide', 'Hall', '1786 Hobgo Junction', '44', 'F', '3/12/1969', 'WELSH', 'omjine@kitlin.fi
')
INSERT INTO OC_PERSON (CNIC, FIRST_NAME, LAST_NAME, ADDRESS, AGE, GENDER, DOB, NATIONALITY, EMAIL) VALUES ('1644425695227', 'Seth', 'Murphy', '815 Ebelaz Point', '52', 'M', '6/15/1985', 'WELSH', 'kogin@iruhe.ro
')
INSERT INTO OC_PERSON (CNIC, FIRST_NAME, LAST_NAME, ADDRESS, AGE, GENDER, DOB, NATIONALITY, EMAIL) VALUES ('1644425695228', 'Todd', 'Goodwin', '235 Gigfog River', '28', 'F', '4/18/1958', 'WELSH', 'tonu@rawocruk.su
')
INSERT INTO OC_PERSON (CNIC, FIRST_NAME, LAST_NAME, ADDRESS, AGE, GENDER, DOB, NATIONALITY, EMAIL) VALUES ('1644425695229', 'Bess', 'Doyle', '1742 Vosti Extension', '42', 'M', '3/25/1985', 'WELSH', 'wabwohlu@petimcam.il
')
INSERT INTO OC_PERSON (CNIC, FIRST_NAME, LAST_NAME, ADDRESS, AGE, GENDER, DOB, NATIONALITY, EMAIL) VALUES ('1644425695230', 'Warren', 'Obrien', '1754 Vaepe Circle', '50', 'F', '1/10/1959', 'WELSH', 'ked@natuka.aw
')
INSERT INTO OC_PERSON (CNIC, FIRST_NAME, LAST_NAME, ADDRESS, AGE, GENDER, DOB, NATIONALITY, EMAIL) VALUES ('1644425695231', 'Clara', 'Matthews', '1600 Cacu Drive', '56', 'F', '7/22/1959', 'WELSH', 'fo@epbokdi.sz
')
INSERT INTO OC_PERSON (CNIC, FIRST_NAME, LAST_NAME, ADDRESS, AGE, GENDER, DOB, NATIONALITY, EMAIL) VALUES ('1644425695232', 'Clayton', 'Montgomery', '826 Gopup Junction', '44', 'F', '10/18/1970', 'WELSH', 'uz@boezugat.ps
')
INSERT INTO OC_PERSON (CNIC, FIRST_NAME, LAST_NAME, ADDRESS, AGE, GENDER, DOB, NATIONALITY, EMAIL) VALUES ('1644425695233', 'Lola', 'Day', '53 Ovoul Boulevard', '65', 'F', '8/19/1999', 'ALGERIAN', 'vasef@vu.hu
')
INSERT INTO OC_PERSON (CNIC, FIRST_NAME, LAST_NAME, ADDRESS, AGE, GENDER, DOB, NATIONALITY, EMAIL) VALUES ('1644425695234', 'Myrtle', 'Banks', '1795 Lijva Road', '64', 'M', '9/10/1973', 'ALGERIAN', 'meame@kec.dz
')
INSERT INTO OC_PERSON (CNIC, FIRST_NAME, LAST_NAME, ADDRESS, AGE, GENDER, DOB, NATIONALITY, EMAIL) VALUES ('1644425695235', 'Carrie', 'Rhodes', '1022 Davac Ridge', '24', 'M', '8/20/1978', 'ALGERIAN', 'zime@robehso.pw
')
INSERT INTO OC_PERSON (CNIC, FIRST_NAME, LAST_NAME, ADDRESS, AGE, GENDER, DOB, NATIONALITY, EMAIL) VALUES ('1644425695236', 'Olive', 'Stanley', '1443 Aklah Court', '45', 'M', '7/18/1990', 'ALGERIAN', 'tupcatur@pajak.va
')
INSERT INTO OC_PERSON (CNIC, FIRST_NAME, LAST_NAME, ADDRESS, AGE, GENDER, DOB, NATIONALITY, EMAIL) VALUES ('1644425695237', 'Jesus', 'Obrien', '1383 Vape Place', '36', 'M', '5/27/1962', 'ALGERIAN', 'niljuwim@jeuwa.mo
')
INSERT INTO OC_PERSON (CNIC, FIRST_NAME, LAST_NAME, ADDRESS, AGE, GENDER, DOB, NATIONALITY, EMAIL) VALUES ('1644425695238', 'Mollie', 'Abbott', '1743 Ecwa Square', '43', 'F', '7/6/1975', 'ALGERIAN', 'tekek@moj.ht
')
INSERT INTO OC_PERSON (CNIC, FIRST_NAME, LAST_NAME, ADDRESS, AGE, GENDER, DOB, NATIONALITY, EMAIL) VALUES ('1644425695239', 'Maud', 'Arnold', '1921 Gulve Park', '55', 'M', '6/20/1979', 'ALGERIAN', 'hiig@ohaevegi.pk
')
INSERT INTO OC_PERSON (CNIC, FIRST_NAME, LAST_NAME, ADDRESS, AGE, GENDER, DOB, NATIONALITY, EMAIL) VALUES ('1644425695240', 'Mitchell', 'Jennings', '790 Avwa Drive', '55', 'M', '9/30/1974', 'ALGERIAN', 'gir@buv.mh
')
INSERT INTO OC_PERSON (CNIC, FIRST_NAME, LAST_NAME, ADDRESS, AGE, GENDER, DOB, NATIONALITY, EMAIL) VALUES ('1644425695241', 'Olga', 'Casey', '59 Feci Boulevard', '62', 'F', '5/27/1984', 'ALGERIAN', 'wav@nik.be
')
INSERT INTO OC_PERSON (CNIC, FIRST_NAME, LAST_NAME, ADDRESS, AGE, GENDER, DOB, NATIONALITY, EMAIL) VALUES ('1644425695242', 'Nettie', 'Ryan', '1716 Sikub Trail', '38', 'M', '9/25/1993', 'ALGERIAN', 'sossusfok@iwgeggu.gy
')
INSERT INTO OC_PERSON (CNIC, FIRST_NAME, LAST_NAME, ADDRESS, AGE, GENDER, DOB, NATIONALITY, EMAIL) VALUES ('1644425695243', 'Mabelle', 'Banks', '194 Diam Junction', '57', 'F', '9/22/1998', 'ALGERIAN', 'eha@it.kn
')
INSERT INTO OC_PERSON (CNIC, FIRST_NAME, LAST_NAME, ADDRESS, AGE, GENDER, DOB, NATIONALITY, EMAIL) VALUES ('1644425695244', 'Benjamin', 'Allison', '312 Kodhi Mill', '47', 'M', '10/19/1971', 'ALGERIAN', 'bas@uw.jp
')
INSERT INTO OC_PERSON (CNIC, FIRST_NAME, LAST_NAME, ADDRESS, AGE, GENDER, DOB, NATIONALITY, EMAIL) VALUES ('1644425695245', 'Estelle', 'Banks', '755 Mapfel Circle', '62', 'M', '8/17/1994', 'ALGERIAN', 'vabohul@zumfepkar.mr
')
INSERT INTO OC_PERSON (CNIC, FIRST_NAME, LAST_NAME, ADDRESS, AGE, GENDER, DOB, NATIONALITY, EMAIL) VALUES ('1644425695246', 'Elijah', 'Figueroa', '969 Abla Lane', '63', 'F', '7/20/1994', 'ALGERIAN', 'utow@okedoew.re
')
INSERT INTO OC_PERSON (CNIC, FIRST_NAME, LAST_NAME, ADDRESS, AGE, GENDER, DOB, NATIONALITY, EMAIL) VALUES ('1644425695247', 'Eva', 'Gilbert', '479 Lumez Place', '32', 'F', '8/6/1968', 'ALGERIAN', 'imoti@pitzol.ve
')
INSERT INTO OC_PERSON (CNIC, FIRST_NAME, LAST_NAME, ADDRESS, AGE, GENDER, DOB, NATIONALITY, EMAIL) VALUES ('1644425695248', 'Carolyn', 'Dean', '547 Wulfu Turnpike', '48', 'M', '6/10/1993', 'ALGERIAN', 'cimergi@ez.re
')
INSERT INTO OC_PERSON (CNIC, FIRST_NAME, LAST_NAME, ADDRESS, AGE, GENDER, DOB, NATIONALITY, EMAIL) VALUES ('1644425695249', 'Cole', 'Stevenson', '816 Afougi Plaza', '65', 'F', '11/8/1986', 'ALGERIAN', 'zet@lavwidkit.as
')
INSERT INTO OC_PERSON (CNIC, FIRST_NAME, LAST_NAME, ADDRESS, AGE, GENDER, DOB, NATIONALITY, EMAIL) VALUES ('1644425695250', 'Edwin', 'Ray', '984 Geciw Extension', '30', 'F', '2/18/1983', 'ALGERIAN', 'ruju@zehmoftu.jo
')
INSERT INTO OC_PERSON (CNIC, FIRST_NAME, LAST_NAME, ADDRESS, AGE, GENDER, DOB, NATIONALITY, EMAIL) VALUES ('1644425695251', 'Esther', 'Perry', '1287 Lirve Boulevard', '64', 'F', '9/19/1975', 'ALGERIAN', 'va@numi.fk
')
INSERT INTO OC_PERSON (CNIC, FIRST_NAME, LAST_NAME, ADDRESS, AGE, GENDER, DOB, NATIONALITY, EMAIL) VALUES ('1644425695252', 'Mittie', 'Maldonado', '661 Suggo Boulevard', '65', 'M', '5/20/1992', 'AUSTRALIAN', 'jen@ajozumut.cz
')
INSERT INTO OC_PERSON (CNIC, FIRST_NAME, LAST_NAME, ADDRESS, AGE, GENDER, DOB, NATIONALITY, EMAIL) VALUES ('1644425695253', 'Mabel', 'Rodriquez', '837 Ukuecu Street', '19', 'F', '7/29/1965', 'AUSTRALIAN', 'dosimiku@berisuco.su
')
INSERT INTO OC_PERSON (CNIC, FIRST_NAME, LAST_NAME, ADDRESS, AGE, GENDER, DOB, NATIONALITY, EMAIL) VALUES ('1644425695254', 'Hannah', 'Roberts', '724 Gunid River', '61', 'F', '12/22/1997', 'AUSTRALIAN', 'mohzo@das.ug
')
INSERT INTO OC_PERSON (CNIC, FIRST_NAME, LAST_NAME, ADDRESS, AGE, GENDER, DOB, NATIONALITY, EMAIL) VALUES ('1644425695255', 'Luis', 'Griffin', '1034 Gahi Avenue', '36', 'F', '6/7/1964', 'AUSTRALIAN', 'esezebo@tuz.vi
')
INSERT INTO OC_PERSON (CNIC, FIRST_NAME, LAST_NAME, ADDRESS, AGE, GENDER, DOB, NATIONALITY, EMAIL) VALUES ('1644425695256', 'Sarah', 'Bowman', '38 Nuvow Plaza', '45', 'M', '2/3/1970', 'AUSTRALIAN', 'zo@tuf.ge
')
INSERT INTO OC_PERSON (CNIC, FIRST_NAME, LAST_NAME, ADDRESS, AGE, GENDER, DOB, NATIONALITY, EMAIL) VALUES ('1644425695257', 'Callie', 'Ramirez', '271 Loli Extension', '50', 'M', '10/22/1970', 'AUSTRALIAN', 'ragebaf@isinoti.bq
')
INSERT INTO OC_PERSON (CNIC, FIRST_NAME, LAST_NAME, ADDRESS, AGE, GENDER, DOB, NATIONALITY, EMAIL) VALUES ('1644425695258', 'Dylan', 'Todd', '804 Wiuv Pass', '47', 'M', '8/18/2001', 'AUSTRALIAN', 'wegubra@uri.uk
')
INSERT INTO OC_PERSON (CNIC, FIRST_NAME, LAST_NAME, ADDRESS, AGE, GENDER, DOB, NATIONALITY, EMAIL) VALUES ('1644425695259', 'Elmer', 'Simon', '367 Uzgo Court', '38', 'M', '2/23/1995', 'AUSTRALIAN', 'siconej@lalninlej.td
')
INSERT INTO OC_PERSON (CNIC, FIRST_NAME, LAST_NAME, ADDRESS, AGE, GENDER, DOB, NATIONALITY, EMAIL) VALUES ('1644425695260', 'Dominic', 'Patterson', '410 Lizura Lane', '49', 'F', '9/6/1970', 'AUSTRALIAN', 'nojisko@boov.je
')


/*OC_PATIENT_HISTORY DATA ENTERIES */
INSERT INTO OC_PERSON_HISTORY (SR_NO, CNIC, FIRST_NAME, LAST_NAME, ADDRESS, AGE, GENDER, DOB, NATIONALITY, EMAIL) VALUES ('1', '3320218245881', 'Landon', 'Maxwell', '1359 Sizavu Place', '28', 'F', '8/5/1998', 'PAKISTANI', 'kacal@safifa.ca
')
INSERT INTO OC_PERSON_HISTORY (SR_NO, CNIC, FIRST_NAME, LAST_NAME, ADDRESS, AGE, GENDER, DOB, NATIONALITY, EMAIL) VALUES ('1', '3320218245882', 'Emilie', 'Horton', '1352 Guka Heights', '50', 'F', '1/25/1991', 'PAKISTANI', 'kacvev@ebeh.ki
')
INSERT INTO OC_PERSON_HISTORY (SR_NO, CNIC, FIRST_NAME, LAST_NAME, ADDRESS, AGE, GENDER, DOB, NATIONALITY, EMAIL) VALUES ('1', '3320218245883', 'Trevor', 'Cannon', '1989 Nuowa Center', '44', 'M', '2/28/1957', 'PAKISTANI', 'vosbuhej@aweim.cr
')
INSERT INTO OC_PERSON_HISTORY (SR_NO, CNIC, FIRST_NAME, LAST_NAME, ADDRESS, AGE, GENDER, DOB, NATIONALITY, EMAIL) VALUES ('1', '3320218245884', 'Isabelle', 'Aguilar', '1685 Hokbe Extension', '26', 'M', '7/31/1973', 'PAKISTANI', 'ewokifo@vasoz.ve
')
INSERT INTO OC_PERSON_HISTORY (SR_NO, CNIC, FIRST_NAME, LAST_NAME, ADDRESS, AGE, GENDER, DOB, NATIONALITY, EMAIL) VALUES ('1', '3320218245885', 'Sean', 'Foster', '1149 Gader Lane', '48', 'F', '3/1/1983', 'PAKISTANI', 'jik@tu.gh
')
INSERT INTO OC_PERSON_HISTORY (SR_NO, CNIC, FIRST_NAME, LAST_NAME, ADDRESS, AGE, GENDER, DOB, NATIONALITY, EMAIL) VALUES ('1', '3320218245886', 'Thomas', 'Craig', '521 Jeso Highway', '43', 'F', '8/8/1963', 'PAKISTANI', 'ubihag@fok.tw
')
INSERT INTO OC_PERSON_HISTORY (SR_NO, CNIC, FIRST_NAME, LAST_NAME, ADDRESS, AGE, GENDER, DOB, NATIONALITY, EMAIL) VALUES ('1', '3320218245887', 'Louisa', 'Osborne', '710 Ajfo Junction', '46', 'F', '10/3/1959', 'PAKISTANI', 'epodiw@zupce.kw
')
INSERT INTO OC_PERSON_HISTORY (SR_NO, CNIC, FIRST_NAME, LAST_NAME, ADDRESS, AGE, GENDER, DOB, NATIONALITY, EMAIL) VALUES ('1', '3320218245888', 'Ronald', 'Fisher', '881 Fewdij Point', '53', 'M', '6/21/1994', 'PAKISTANI', 'hogpuf@junwo.mz
')
INSERT INTO OC_PERSON_HISTORY (SR_NO, CNIC, FIRST_NAME, LAST_NAME, ADDRESS, AGE, GENDER, DOB, NATIONALITY, EMAIL) VALUES ('1', '3320218245889', 'Sarah', 'Cross', '505 Kanhig Parkway', '23', 'M', '5/17/1994', 'AMERICAN', 'ov@jafi.gi
')
INSERT INTO OC_PERSON_HISTORY (SR_NO, CNIC, FIRST_NAME, LAST_NAME, ADDRESS, AGE, GENDER, DOB, NATIONALITY, EMAIL) VALUES ('1', '3320218245890', 'Seth', 'Blake', '1875 Uwupi Path', '55', 'F', '1/2/1992', 'AMERICAN', 'gogokahe@kaf.cn
')
INSERT INTO OC_PERSON_HISTORY (SR_NO, CNIC, FIRST_NAME, LAST_NAME, ADDRESS, AGE, GENDER, DOB, NATIONALITY, EMAIL) VALUES ('1', '3320218245891', 'Maggie', 'Brooks', '1843 Efci Drive', '49', 'M', '11/7/1989', 'AMERICAN', 'sibenbi@jelo.rs
')
INSERT INTO OC_PERSON_HISTORY (SR_NO, CNIC, FIRST_NAME, LAST_NAME, ADDRESS, AGE, GENDER, DOB, NATIONALITY, EMAIL) VALUES ('1', '3320218245892', 'Daisy', 'Byrd', '1217 Fihev Heights', '64', 'F', '6/13/1965', 'AMERICAN', 'hov@aweobe.cu
')
INSERT INTO OC_PERSON_HISTORY (SR_NO, CNIC, FIRST_NAME, LAST_NAME, ADDRESS, AGE, GENDER, DOB, NATIONALITY, EMAIL) VALUES ('1', '3320218245893', 'Cynthia', 'Chavez', '1002 Ejluv Street', '33', 'M', '9/8/1994', 'AMERICAN', 'ba@ag.is
')
INSERT INTO OC_PERSON_HISTORY (SR_NO, CNIC, FIRST_NAME, LAST_NAME, ADDRESS, AGE, GENDER, DOB, NATIONALITY, EMAIL) VALUES ('1', '3320218245894', 'Darrell', 'Webb', '1670 Revera Park', '38', 'M', '11/30/1958', 'AMERICAN', 'azica@pehojifec.bz
')
INSERT INTO OC_PERSON_HISTORY (SR_NO, CNIC, FIRST_NAME, LAST_NAME, ADDRESS, AGE, GENDER, DOB, NATIONALITY, EMAIL) VALUES ('1', '3320218245895', 'Stella', 'Freeman', '835 Gusni Heights', '62', 'F', '2/5/1984', 'AMERICAN', 'koctavem@kovuj.do
')
INSERT INTO OC_PERSON_HISTORY (SR_NO, CNIC, FIRST_NAME, LAST_NAME, ADDRESS, AGE, GENDER, DOB, NATIONALITY, EMAIL) VALUES ('1', '3320218245896', 'Andre', 'Turner', '1447 Luiti Manor', '23', 'F', '9/30/1996', 'INDIAN', 'aclikkol@lakjo.bz
')
INSERT INTO OC_PERSON_HISTORY (SR_NO, CNIC, FIRST_NAME, LAST_NAME, ADDRESS, AGE, GENDER, DOB, NATIONALITY, EMAIL) VALUES ('1', '3320218245897', 'Rosalie', 'McBride', '470 Ijeutu River', '28', 'F', '10/31/1997', 'INDIAN', 'upzov@liiwiv.kg
')
INSERT INTO OC_PERSON_HISTORY (SR_NO, CNIC, FIRST_NAME, LAST_NAME, ADDRESS, AGE, GENDER, DOB, NATIONALITY, EMAIL) VALUES ('1', '3320218245898', 'Cameron', 'Hall', '799 Fevo Mill', '50', 'F', '8/8/1955', 'INDIAN', 'icuilze@iki.pg
')
INSERT INTO OC_PERSON_HISTORY (SR_NO, CNIC, FIRST_NAME, LAST_NAME, ADDRESS, AGE, GENDER, DOB, NATIONALITY, EMAIL) VALUES ('1', '3320218245899', 'Michael', 'Ross', '1115 Waze Street', '48', 'F', '10/8/1956', 'INDIAN', 'tuhi@tuc.vi
')
INSERT INTO OC_PERSON_HISTORY (SR_NO, CNIC, FIRST_NAME, LAST_NAME, ADDRESS, AGE, GENDER, DOB, NATIONALITY, EMAIL) VALUES ('1', '3320218245900', 'Rose', 'Griffith', '468 Vose Ridge', '54', 'M', '4/13/1980', 'INDIAN', 'apzuj@herwob.sb
')
INSERT INTO OC_PERSON_HISTORY (SR_NO, CNIC, FIRST_NAME, LAST_NAME, ADDRESS, AGE, GENDER, DOB, NATIONALITY, EMAIL) VALUES ('1', '3320218245901', 'Henry', 'Riley', '1753 Kape Point', '20', 'F', '9/2/1998', 'INDIAN', 'bur@nef.my
')
INSERT INTO OC_PERSON_HISTORY (SR_NO, CNIC, FIRST_NAME, LAST_NAME, ADDRESS, AGE, GENDER, DOB, NATIONALITY, EMAIL) VALUES ('1', '3320218245902', 'Kyle', 'Evans', '1923 Rejgo River', '38', 'M', '10/2/1958', 'INDIAN', 'pah@pewahow.pg
')
INSERT INTO OC_PERSON_HISTORY (SR_NO, CNIC, FIRST_NAME, LAST_NAME, ADDRESS, AGE, GENDER, DOB, NATIONALITY, EMAIL) VALUES ('1', '3320218245903', 'Chester', 'Floyd', '276 Izure Heights', '35', 'M', '12/31/2002', 'INDIAN', 'jum@besbuudo.sj
')
INSERT INTO OC_PERSON_HISTORY (SR_NO, CNIC, FIRST_NAME, LAST_NAME, ADDRESS, AGE, GENDER, DOB, NATIONALITY, EMAIL) VALUES ('1', '3320218245904', 'Dean', 'Richardson', '758 Upat Grove', '21', 'F', '12/5/1969', 'INDIAN', 'lucliji@supje.ad
')
INSERT INTO OC_PERSON_HISTORY (SR_NO, CNIC, FIRST_NAME, LAST_NAME, ADDRESS, AGE, GENDER, DOB, NATIONALITY, EMAIL) VALUES ('1', '3320218245905', 'Claudia', 'Holt', '1908 Tohjew Street', '31', 'M', '6/20/1972', 'BRITISH', 'fo@ika.ie
')
INSERT INTO OC_PERSON_HISTORY (SR_NO, CNIC, FIRST_NAME, LAST_NAME, ADDRESS, AGE, GENDER, DOB, NATIONALITY, EMAIL) VALUES ('1', '3526210098780', 'Clarence', 'Hogan', '1009 Kasic Mill', '54', 'M', '12/1/1960', 'BRITISH', 'gob@lahubo.sg
')
INSERT INTO OC_PERSON_HISTORY (SR_NO, CNIC, FIRST_NAME, LAST_NAME, ADDRESS, AGE, GENDER, DOB, NATIONALITY, EMAIL) VALUES ('1', '3526210098781', 'Nora', 'Benson', '695 Sekfeb Center', '27', 'F', '12/12/1996', 'BRITISH', 'nuewsam@faj.mc
')
INSERT INTO OC_PERSON_HISTORY (SR_NO, CNIC, FIRST_NAME, LAST_NAME, ADDRESS, AGE, GENDER, DOB, NATIONALITY, EMAIL) VALUES ('1', '3526210098782', 'Ollie', 'Douglas', '1514 Uhuwul Mill', '62', 'M', '2/24/1958', 'BRITISH', 'ofo@ko.ag
')
INSERT INTO OC_PERSON_HISTORY (SR_NO, CNIC, FIRST_NAME, LAST_NAME, ADDRESS, AGE, GENDER, DOB, NATIONALITY, EMAIL) VALUES ('1', '3526210098783', 'Hallie', 'Sutton', '927 Mapa Parkway', '43', 'M', '12/22/1985', 'BRITISH', 'aziop@romzofok.ar
')
INSERT INTO OC_PERSON_HISTORY (SR_NO, CNIC, FIRST_NAME, LAST_NAME, ADDRESS, AGE, GENDER, DOB, NATIONALITY, EMAIL) VALUES ('1', '3526210098784', 'Kate', 'Perkins', '1716 Roven View', '40', 'M', '2/24/1978', 'BRITISH', 'si@hupu.mw
')
INSERT INTO OC_PERSON_HISTORY (SR_NO, CNIC, FIRST_NAME, LAST_NAME, ADDRESS, AGE, GENDER, DOB, NATIONALITY, EMAIL) VALUES ('1', '3526210098785', 'Gussie', 'Woods', '1436 Emmov Road', '27', 'F', '5/23/1957', 'BRITISH', 'sopekol@be.uk
')
INSERT INTO OC_PERSON_HISTORY (SR_NO, CNIC, FIRST_NAME, LAST_NAME, ADDRESS, AGE, GENDER, DOB, NATIONALITY, EMAIL) VALUES ('1', '3526210098786', 'Inez', 'Wolfe', '517 Rahba Terrace', '18', 'F', '5/21/1959', 'BRITISH', 'rab@be.si
')
INSERT INTO OC_PERSON_HISTORY (SR_NO, CNIC, FIRST_NAME, LAST_NAME, ADDRESS, AGE, GENDER, DOB, NATIONALITY, EMAIL) VALUES ('1', '3526210098787', 'Leah', 'Henry', '93 Cehos Highway', '33', 'M', '2/23/2000', 'BRITISH', 'kehepe@kube.bj
')
INSERT INTO OC_PERSON_HISTORY (SR_NO, CNIC, FIRST_NAME, LAST_NAME, ADDRESS, AGE, GENDER, DOB, NATIONALITY, EMAIL) VALUES ('1', '3526210098788', 'Teresa', 'Gregory', '480 Mojrew Mill', '49', 'F', '6/2/1967', 'BRITISH', 'ro@dukuzji.bz
')
INSERT INTO OC_PERSON_HISTORY (SR_NO, CNIC, FIRST_NAME, LAST_NAME, ADDRESS, AGE, GENDER, DOB, NATIONALITY, EMAIL) VALUES ('1', '3526210098789', 'Willie', 'Ray', '1231 Peut Manor', '39', 'F', '8/30/1977', 'BRITISH', 'hugrovad@holloh.bn
')
INSERT INTO OC_PERSON_HISTORY (SR_NO, CNIC, FIRST_NAME, LAST_NAME, ADDRESS, AGE, GENDER, DOB, NATIONALITY, EMAIL) VALUES ('1', '3526210098790', 'Earl', 'Clayton', '619 Kahha View', '40', 'M', '10/6/1986', 'BRITISH', 'kogba@toodreb.gt
')
INSERT INTO OC_PERSON_HISTORY (SR_NO, CNIC, FIRST_NAME, LAST_NAME, ADDRESS, AGE, GENDER, DOB, NATIONALITY, EMAIL) VALUES ('1', '3526210098791', 'Teresa', 'Gutierrez', '1761 Ameunu Park', '50', 'M', '8/2/1968', 'BRITISH', 'rovoeko@wic.li
')
INSERT INTO OC_PERSON_HISTORY (SR_NO, CNIC, FIRST_NAME, LAST_NAME, ADDRESS, AGE, GENDER, DOB, NATIONALITY, EMAIL) VALUES ('1', '3526210098792', 'Lawrence', 'Pierce', '1554 Ritwif Boulevard', '19', 'F', '1/26/1958', 'BRITISH', 'keseb@tetaj.mv
')
INSERT INTO OC_PERSON_HISTORY (SR_NO, CNIC, FIRST_NAME, LAST_NAME, ADDRESS, AGE, GENDER, DOB, NATIONALITY, EMAIL) VALUES ('1', '3526210098793', 'Kyle', 'Lawson', '1220 Orobos Center', '48', 'F', '6/6/1971', 'BRITISH', 'bosullu@pofod.gd
')
INSERT INTO OC_PERSON_HISTORY (SR_NO, CNIC, FIRST_NAME, LAST_NAME, ADDRESS, AGE, GENDER, DOB, NATIONALITY, EMAIL) VALUES ('1', '3526210098794', 'Bessie', 'Schwartz', '446 Soze Center', '20', 'M', '5/12/1975', 'BRITISH', 'ej@gapahnuk.pr
')
INSERT INTO OC_PERSON_HISTORY (SR_NO, CNIC, FIRST_NAME, LAST_NAME, ADDRESS, AGE, GENDER, DOB, NATIONALITY, EMAIL) VALUES ('1', '3526210098795', 'Mary', 'Bailey', '795 Cekgo View', '45', 'F', '12/25/1969', 'BRITISH', 'bipacpen@dotduf.uk
')
INSERT INTO OC_PERSON_HISTORY (SR_NO, CNIC, FIRST_NAME, LAST_NAME, ADDRESS, AGE, GENDER, DOB, NATIONALITY, EMAIL) VALUES ('1', '3526210098796', 'Carlos', 'Weaver', '1329 Iwuni Place', '48', 'M', '12/2/1985', 'BRITISH', 'fiwacbuw@dejwoczu.ma
')
INSERT INTO OC_PERSON_HISTORY (SR_NO, CNIC, FIRST_NAME, LAST_NAME, ADDRESS, AGE, GENDER, DOB, NATIONALITY, EMAIL) VALUES ('1', '3526210098797', 'Cornelia', 'Terry', '190 Ekuri Heights', '28', 'F', '11/5/1988', 'SCOTTISH', 'rehzub@cih.ro
')
INSERT INTO OC_PERSON_HISTORY (SR_NO, CNIC, FIRST_NAME, LAST_NAME, ADDRESS, AGE, GENDER, DOB, NATIONALITY, EMAIL) VALUES ('1', '3526210098798', 'Jeremiah', 'Burton', '742 Mabmi Turnpike', '55', 'F', '12/12/1974', 'SCOTTISH', 'feh@pu.tk
')
INSERT INTO OC_PERSON_HISTORY (SR_NO, CNIC, FIRST_NAME, LAST_NAME, ADDRESS, AGE, GENDER, DOB, NATIONALITY, EMAIL) VALUES ('1', '3526210098799', 'Angel', 'Paul', '1668 Samzi View', '39', 'M', '9/1/1986', 'SCOTTISH', 'ucidu@esejig.mc
')
INSERT INTO OC_PERSON_HISTORY (SR_NO, CNIC, FIRST_NAME, LAST_NAME, ADDRESS, AGE, GENDER, DOB, NATIONALITY, EMAIL) VALUES ('1', '3526210098800', 'Jared', 'Osborne', '349 Luviw Lane', '62', 'M', '10/16/1959', 'SCOTTISH', 'bilusaku@sol.li
')
INSERT INTO OC_PERSON_HISTORY (SR_NO, CNIC, FIRST_NAME, LAST_NAME, ADDRESS, AGE, GENDER, DOB, NATIONALITY, EMAIL) VALUES ('1', '3526210098801', 'Martha', 'Burton', '1086 Mujsos Path', '49', 'F', '7/17/1992', 'SCOTTISH', 're@la.my
')
INSERT INTO OC_PERSON_HISTORY (SR_NO, CNIC, FIRST_NAME, LAST_NAME, ADDRESS, AGE, GENDER, DOB, NATIONALITY, EMAIL) VALUES ('1', '3526210098802', 'Jerome', 'Alvarez', '721 Tube Turnpike', '51', 'M', '8/29/1962', 'SCOTTISH', 'li@ufoninzo.sl
')
INSERT INTO OC_PERSON_HISTORY (SR_NO, CNIC, FIRST_NAME, LAST_NAME, ADDRESS, AGE, GENDER, DOB, NATIONALITY, EMAIL) VALUES ('1', '3526210098803', 'Derrick', 'Torres', '747 Iffo Park', '62', 'M', '3/16/1972', 'SCOTTISH', 'fe@pokgucori.sl
')
INSERT INTO OC_PERSON_HISTORY (SR_NO, CNIC, FIRST_NAME, LAST_NAME, ADDRESS, AGE, GENDER, DOB, NATIONALITY, EMAIL) VALUES ('1', '3526210098804', 'Olive', 'Houston', '1484 Pakzeh Court', '41', 'M', '1/19/1966', 'SCOTTISH', 'tepbub@aggu.bz
')
INSERT INTO OC_PERSON_HISTORY (SR_NO, CNIC, FIRST_NAME, LAST_NAME, ADDRESS, AGE, GENDER, DOB, NATIONALITY, EMAIL) VALUES ('1', '1644425695211', 'Dale', 'Harvey', '1133 Siice Court', '35', 'M', '2/16/1978', 'SCOTTISH', 'kus@vu.ai
')
INSERT INTO OC_PERSON_HISTORY (SR_NO, CNIC, FIRST_NAME, LAST_NAME, ADDRESS, AGE, GENDER, DOB, NATIONALITY, EMAIL) VALUES ('1', '1644425695212', 'Ella', 'Greene', '328 Nirih Avenue', '60', 'M', '12/19/1985', 'SCOTTISH', 'akuvi@ciskar.ge
')
INSERT INTO OC_PERSON_HISTORY (SR_NO, CNIC, FIRST_NAME, LAST_NAME, ADDRESS, AGE, GENDER, DOB, NATIONALITY, EMAIL) VALUES ('1', '1644425695213', 'Chris', 'Carr', '313 Ahsu Court', '54', 'M', '3/7/1993', 'SCOTTISH', 'geomez@fer.id
')
INSERT INTO OC_PERSON_HISTORY (SR_NO, CNIC, FIRST_NAME, LAST_NAME, ADDRESS, AGE, GENDER, DOB, NATIONALITY, EMAIL) VALUES ('1', '1644425695214', 'Luella', 'Hopkins', '2000 Ujaoka Way', '25', 'M', '5/1/1992', 'SCOTTISH', 'pujimuku@imra.bq
')
INSERT INTO OC_PERSON_HISTORY (SR_NO, CNIC, FIRST_NAME, LAST_NAME, ADDRESS, AGE, GENDER, DOB, NATIONALITY, EMAIL) VALUES ('1', '1644425695215', 'Ruth', 'Lane', '1717 Tiola Pike', '60', 'M', '2/6/1993', 'SCOTTISH', 'muv@comcir.pw
')
INSERT INTO OC_PERSON_HISTORY (SR_NO, CNIC, FIRST_NAME, LAST_NAME, ADDRESS, AGE, GENDER, DOB, NATIONALITY, EMAIL) VALUES ('1', '1644425695216', 'Ola', 'Daniel', '673 Osgap Junction', '64', 'M', '2/12/1983', 'SCOTTISH', 'kanuj@ironipuc.sc
')
INSERT INTO OC_PERSON_HISTORY (SR_NO, CNIC, FIRST_NAME, LAST_NAME, ADDRESS, AGE, GENDER, DOB, NATIONALITY, EMAIL) VALUES ('1', '1644425695217', 'Marian', 'Castillo', '1458 Sidjej Avenue', '62', 'M', '11/11/1967', 'SCOTTISH', 'ciglu@dicrej.gw
')
INSERT INTO OC_PERSON_HISTORY (SR_NO, CNIC, FIRST_NAME, LAST_NAME, ADDRESS, AGE, GENDER, DOB, NATIONALITY, EMAIL) VALUES ('1', '1644425695218', 'Jeremy', 'Vega', '708 Wecir Boulevard', '21', 'F', '5/3/1961', 'SCOTTISH', 'hokfubci@rowombeb.mp
')
INSERT INTO OC_PERSON_HISTORY (SR_NO, CNIC, FIRST_NAME, LAST_NAME, ADDRESS, AGE, GENDER, DOB, NATIONALITY, EMAIL) VALUES ('1', '1644425695219', 'Winnie', 'Tyler', '815 Fuhi Pass', '59', 'F', '6/5/1993', 'SCOTTISH', 'tebe@lafobfir.pt
')
INSERT INTO OC_PERSON_HISTORY (SR_NO, CNIC, FIRST_NAME, LAST_NAME, ADDRESS, AGE, GENDER, DOB, NATIONALITY, EMAIL) VALUES ('1', '1644425695220', 'Lloyd', 'Lindsey', '1544 Tiruh Pike', '32', 'F', '2/19/1964', 'WELSH', 'jo@ke.pm
')
INSERT INTO OC_PERSON_HISTORY (SR_NO, CNIC, FIRST_NAME, LAST_NAME, ADDRESS, AGE, GENDER, DOB, NATIONALITY, EMAIL) VALUES ('1', '1644425695221', 'Elmer', 'Ballard', '1910 Ogpa Circle', '23', 'M', '3/14/1970', 'WELSH', 'de@lirwadet.mc
')
INSERT INTO OC_PERSON_HISTORY (SR_NO, CNIC, FIRST_NAME, LAST_NAME, ADDRESS, AGE, GENDER, DOB, NATIONALITY, EMAIL) VALUES ('1', '1644425695222', 'Terry', 'Lowe', '64 Tunaj Pike', '59', 'F', '12/16/1988', 'WELSH', 'ika@mila.sn
')
INSERT INTO OC_PERSON_HISTORY (SR_NO, CNIC, FIRST_NAME, LAST_NAME, ADDRESS, AGE, GENDER, DOB, NATIONALITY, EMAIL) VALUES ('1', '1644425695223', 'Leah', 'Todd', '1284 Metum Street', '50', 'F', '3/15/1990', 'WELSH', 'haw@kegmusal.sd
')
INSERT INTO OC_PERSON_HISTORY (SR_NO, CNIC, FIRST_NAME, LAST_NAME, ADDRESS, AGE, GENDER, DOB, NATIONALITY, EMAIL) VALUES ('1', '1644425695224', 'Marc', 'Walsh', '1274 Derus Square', '25', 'F', '2/18/1998', 'WELSH', 'zunwu@hi.rw
')
INSERT INTO OC_PERSON_HISTORY (SR_NO, CNIC, FIRST_NAME, LAST_NAME, ADDRESS, AGE, GENDER, DOB, NATIONALITY, EMAIL) VALUES ('1', '1644425695225', 'Christopher', 'Parks', '675 Tejes Avenue', '53', 'F', '3/22/1999', 'WELSH', 'not@hedtu.cr
')
INSERT INTO OC_PERSON_HISTORY (SR_NO, CNIC, FIRST_NAME, LAST_NAME, ADDRESS, AGE, GENDER, DOB, NATIONALITY, EMAIL) VALUES ('1', '1644425695226', 'Adelaide', 'Hall', '1786 Hobgo Junction', '44', 'F', '3/12/1969', 'WELSH', 'omjine@kitlin.fi
')
INSERT INTO OC_PERSON_HISTORY (SR_NO, CNIC, FIRST_NAME, LAST_NAME, ADDRESS, AGE, GENDER, DOB, NATIONALITY, EMAIL) VALUES ('1', '1644425695227', 'Seth', 'Murphy', '815 Ebelaz Point', '52', 'M', '6/15/1985', 'WELSH', 'kogin@iruhe.ro
')
INSERT INTO OC_PERSON_HISTORY (SR_NO, CNIC, FIRST_NAME, LAST_NAME, ADDRESS, AGE, GENDER, DOB, NATIONALITY, EMAIL) VALUES ('1', '1644425695228', 'Todd', 'Goodwin', '235 Gigfog River', '28', 'F', '4/18/1958', 'WELSH', 'tonu@rawocruk.su
')
INSERT INTO OC_PERSON_HISTORY (SR_NO, CNIC, FIRST_NAME, LAST_NAME, ADDRESS, AGE, GENDER, DOB, NATIONALITY, EMAIL) VALUES ('1', '1644425695229', 'Bess', 'Doyle', '1742 Vosti Extension', '42', 'M', '3/25/1985', 'WELSH', 'wabwohlu@petimcam.il
')
INSERT INTO OC_PERSON_HISTORY (SR_NO, CNIC, FIRST_NAME, LAST_NAME, ADDRESS, AGE, GENDER, DOB, NATIONALITY, EMAIL) VALUES ('1', '1644425695230', 'Warren', 'Obrien', '1754 Vaepe Circle', '50', 'F', '1/10/1959', 'WELSH', 'ked@natuka.aw
')
INSERT INTO OC_PERSON_HISTORY (SR_NO, CNIC, FIRST_NAME, LAST_NAME, ADDRESS, AGE, GENDER, DOB, NATIONALITY, EMAIL) VALUES ('1', '1644425695231', 'Clara', 'Matthews', '1600 Cacu Drive', '56', 'F', '7/22/1959', 'WELSH', 'fo@epbokdi.sz
')
INSERT INTO OC_PERSON_HISTORY (SR_NO, CNIC, FIRST_NAME, LAST_NAME, ADDRESS, AGE, GENDER, DOB, NATIONALITY, EMAIL) VALUES ('1', '1644425695232', 'Clayton', 'Montgomery', '826 Gopup Junction', '44', 'F', '10/18/1970', 'WELSH', 'uz@boezugat.ps
')
INSERT INTO OC_PERSON_HISTORY (SR_NO, CNIC, FIRST_NAME, LAST_NAME, ADDRESS, AGE, GENDER, DOB, NATIONALITY, EMAIL) VALUES ('1', '1644425695233', 'Lola', 'Day', '53 Ovoul Boulevard', '65', 'F', '8/19/1999', 'ALGERIAN', 'vasef@vu.hu
')
INSERT INTO OC_PERSON_HISTORY (SR_NO, CNIC, FIRST_NAME, LAST_NAME, ADDRESS, AGE, GENDER, DOB, NATIONALITY, EMAIL) VALUES ('1', '1644425695234', 'Myrtle', 'Banks', '1795 Lijva Road', '64', 'M', '9/10/1973', 'ALGERIAN', 'meame@kec.dz
')
INSERT INTO OC_PERSON_HISTORY (SR_NO, CNIC, FIRST_NAME, LAST_NAME, ADDRESS, AGE, GENDER, DOB, NATIONALITY, EMAIL) VALUES ('1', '1644425695235', 'Carrie', 'Rhodes', '1022 Davac Ridge', '24', 'M', '8/20/1978', 'ALGERIAN', 'zime@robehso.pw
')
INSERT INTO OC_PERSON_HISTORY (SR_NO, CNIC, FIRST_NAME, LAST_NAME, ADDRESS, AGE, GENDER, DOB, NATIONALITY, EMAIL) VALUES ('1', '1644425695236', 'Olive', 'Stanley', '1443 Aklah Court', '45', 'M', '7/18/1990', 'ALGERIAN', 'tupcatur@pajak.va
')
INSERT INTO OC_PERSON_HISTORY (SR_NO, CNIC, FIRST_NAME, LAST_NAME, ADDRESS, AGE, GENDER, DOB, NATIONALITY, EMAIL) VALUES ('1', '1644425695237', 'Jesus', 'Obrien', '1383 Vape Place', '36', 'M', '5/27/1962', 'ALGERIAN', 'niljuwim@jeuwa.mo
')
INSERT INTO OC_PERSON_HISTORY (SR_NO, CNIC, FIRST_NAME, LAST_NAME, ADDRESS, AGE, GENDER, DOB, NATIONALITY, EMAIL) VALUES ('1', '1644425695238', 'Mollie', 'Abbott', '1743 Ecwa Square', '43', 'F', '7/6/1975', 'ALGERIAN', 'tekek@moj.ht
')
INSERT INTO OC_PERSON_HISTORY (SR_NO, CNIC, FIRST_NAME, LAST_NAME, ADDRESS, AGE, GENDER, DOB, NATIONALITY, EMAIL) VALUES ('1', '1644425695239', 'Maud', 'Arnold', '1921 Gulve Park', '55', 'M', '6/20/1979', 'ALGERIAN', 'hiig@ohaevegi.pk
')
INSERT INTO OC_PERSON_HISTORY (SR_NO, CNIC, FIRST_NAME, LAST_NAME, ADDRESS, AGE, GENDER, DOB, NATIONALITY, EMAIL) VALUES ('1', '1644425695240', 'Mitchell', 'Jennings', '790 Avwa Drive', '55', 'M', '9/30/1974', 'ALGERIAN', 'gir@buv.mh
')
INSERT INTO OC_PERSON_HISTORY (SR_NO, CNIC, FIRST_NAME, LAST_NAME, ADDRESS, AGE, GENDER, DOB, NATIONALITY, EMAIL) VALUES ('1', '1644425695241', 'Olga', 'Casey', '59 Feci Boulevard', '62', 'F', '5/27/1984', 'ALGERIAN', 'wav@nik.be
')
INSERT INTO OC_PERSON_HISTORY (SR_NO, CNIC, FIRST_NAME, LAST_NAME, ADDRESS, AGE, GENDER, DOB, NATIONALITY, EMAIL) VALUES ('1', '1644425695242', 'Nettie', 'Ryan', '1716 Sikub Trail', '38', 'M', '9/25/1993', 'ALGERIAN', 'sossusfok@iwgeggu.gy
')
INSERT INTO OC_PERSON_HISTORY (SR_NO, CNIC, FIRST_NAME, LAST_NAME, ADDRESS, AGE, GENDER, DOB, NATIONALITY, EMAIL) VALUES ('1', '1644425695243', 'Mabelle', 'Banks', '194 Diam Junction', '57', 'F', '9/22/1998', 'ALGERIAN', 'eha@it.kn
')
INSERT INTO OC_PERSON_HISTORY (SR_NO, CNIC, FIRST_NAME, LAST_NAME, ADDRESS, AGE, GENDER, DOB, NATIONALITY, EMAIL) VALUES ('1', '1644425695244', 'Benjamin', 'Allison', '312 Kodhi Mill', '47', 'M', '10/19/1971', 'ALGERIAN', 'bas@uw.jp
')
INSERT INTO OC_PERSON_HISTORY (SR_NO, CNIC, FIRST_NAME, LAST_NAME, ADDRESS, AGE, GENDER, DOB, NATIONALITY, EMAIL) VALUES ('1', '1644425695245', 'Estelle', 'Banks', '755 Mapfel Circle', '62', 'M', '8/17/1994', 'ALGERIAN', 'vabohul@zumfepkar.mr
')
INSERT INTO OC_PERSON_HISTORY (SR_NO, CNIC, FIRST_NAME, LAST_NAME, ADDRESS, AGE, GENDER, DOB, NATIONALITY, EMAIL) VALUES ('1', '1644425695246', 'Elijah', 'Figueroa', '969 Abla Lane', '63', 'F', '7/20/1994', 'ALGERIAN', 'utow@okedoew.re
')
INSERT INTO OC_PERSON_HISTORY (SR_NO, CNIC, FIRST_NAME, LAST_NAME, ADDRESS, AGE, GENDER, DOB, NATIONALITY, EMAIL) VALUES ('1', '1644425695247', 'Eva', 'Gilbert', '479 Lumez Place', '32', 'F', '8/6/1968', 'ALGERIAN', 'imoti@pitzol.ve
')
INSERT INTO OC_PERSON_HISTORY (SR_NO, CNIC, FIRST_NAME, LAST_NAME, ADDRESS, AGE, GENDER, DOB, NATIONALITY, EMAIL) VALUES ('1', '1644425695248', 'Carolyn', 'Dean', '547 Wulfu Turnpike', '48', 'M', '6/10/1993', 'ALGERIAN', 'cimergi@ez.re
')
INSERT INTO OC_PERSON_HISTORY (SR_NO, CNIC, FIRST_NAME, LAST_NAME, ADDRESS, AGE, GENDER, DOB, NATIONALITY, EMAIL) VALUES ('1', '1644425695249', 'Cole', 'Stevenson', '816 Afougi Plaza', '65', 'F', '11/8/1986', 'ALGERIAN', 'zet@lavwidkit.as
')
INSERT INTO OC_PERSON_HISTORY (SR_NO, CNIC, FIRST_NAME, LAST_NAME, ADDRESS, AGE, GENDER, DOB, NATIONALITY, EMAIL) VALUES ('1', '1644425695250', 'Edwin', 'Ray', '984 Geciw Extension', '30', 'F', '2/18/1983', 'ALGERIAN', 'ruju@zehmoftu.jo
')
INSERT INTO OC_PERSON_HISTORY (SR_NO, CNIC, FIRST_NAME, LAST_NAME, ADDRESS, AGE, GENDER, DOB, NATIONALITY, EMAIL) VALUES ('1', '1644425695251', 'Esther', 'Perry', '1287 Lirve Boulevard', '64', 'F', '9/19/1975', 'ALGERIAN', 'va@numi.fk
')
INSERT INTO OC_PERSON_HISTORY (SR_NO, CNIC, FIRST_NAME, LAST_NAME, ADDRESS, AGE, GENDER, DOB, NATIONALITY, EMAIL) VALUES ('1', '1644425695252', 'Mittie', 'Maldonado', '661 Suggo Boulevard', '65', 'M', '5/20/1992', 'AUSTRALIAN', 'jen@ajozumut.cz
')
INSERT INTO OC_PERSON_HISTORY (SR_NO, CNIC, FIRST_NAME, LAST_NAME, ADDRESS, AGE, GENDER, DOB, NATIONALITY, EMAIL) VALUES ('1', '1644425695253', 'Mabel', 'Rodriquez', '837 Ukuecu Street', '19', 'F', '7/29/1965', 'AUSTRALIAN', 'dosimiku@berisuco.su
')
INSERT INTO OC_PERSON_HISTORY (SR_NO, CNIC, FIRST_NAME, LAST_NAME, ADDRESS, AGE, GENDER, DOB, NATIONALITY, EMAIL) VALUES ('1', '1644425695254', 'Hannah', 'Roberts', '724 Gunid River', '61', 'F', '12/22/1997', 'AUSTRALIAN', 'mohzo@das.ug
')
INSERT INTO OC_PERSON_HISTORY (SR_NO, CNIC, FIRST_NAME, LAST_NAME, ADDRESS, AGE, GENDER, DOB, NATIONALITY, EMAIL) VALUES ('1', '1644425695255', 'Luis', 'Griffin', '1034 Gahi Avenue', '36', 'F', '6/7/1964', 'AUSTRALIAN', 'esezebo@tuz.vi
')
INSERT INTO OC_PERSON_HISTORY (SR_NO, CNIC, FIRST_NAME, LAST_NAME, ADDRESS, AGE, GENDER, DOB, NATIONALITY, EMAIL) VALUES ('1', '1644425695256', 'Sarah', 'Bowman', '38 Nuvow Plaza', '45', 'M', '2/3/1970', 'AUSTRALIAN', 'zo@tuf.ge
')
INSERT INTO OC_PERSON_HISTORY (SR_NO, CNIC, FIRST_NAME, LAST_NAME, ADDRESS, AGE, GENDER, DOB, NATIONALITY, EMAIL) VALUES ('1', '1644425695257', 'Callie', 'Ramirez', '271 Loli Extension', '50', 'M', '10/22/1970', 'AUSTRALIAN', 'ragebaf@isinoti.bq
')
INSERT INTO OC_PERSON_HISTORY (SR_NO, CNIC, FIRST_NAME, LAST_NAME, ADDRESS, AGE, GENDER, DOB, NATIONALITY, EMAIL) VALUES ('1', '1644425695258', 'Dylan', 'Todd', '804 Wiuv Pass', '47', 'M', '8/18/2001', 'AUSTRALIAN', 'wegubra@uri.uk
')
INSERT INTO OC_PERSON_HISTORY (SR_NO, CNIC, FIRST_NAME, LAST_NAME, ADDRESS, AGE, GENDER, DOB, NATIONALITY, EMAIL) VALUES ('1', '1644425695259', 'Elmer', 'Simon', '367 Uzgo Court', '38', 'M', '2/23/1995', 'AUSTRALIAN', 'siconej@lalninlej.td
')
INSERT INTO OC_PERSON_HISTORY (SR_NO, CNIC, FIRST_NAME, LAST_NAME, ADDRESS, AGE, GENDER, DOB, NATIONALITY, EMAIL) VALUES ('1', '1644425695260', 'Dominic', 'Patterson', '410 Lizura Lane', '49', 'F', '9/6/1970', 'AUSTRALIAN', 'nojisko@boov.je
')


/*OC_PERSON_CONTACT DATA ENTERIES*/
INSERT INTO OC_PERSON_CONTACT (SR_NO, CNIC, CONTACT) VALUES (1, 3320218245881, 3222222991
)
INSERT INTO OC_PERSON_CONTACT (SR_NO, CNIC, CONTACT) VALUES (2, 3320218245881, 9282276278
)
INSERT INTO OC_PERSON_CONTACT (SR_NO, CNIC, CONTACT) VALUES (1, 3320218245882, 3222222992
)
INSERT INTO OC_PERSON_CONTACT (SR_NO, CNIC, CONTACT) VALUES (1, 3320218245883, 3222222993
)
INSERT INTO OC_PERSON_CONTACT (SR_NO, CNIC, CONTACT) VALUES (1, 3320218245884, 3222222994
)
INSERT INTO OC_PERSON_CONTACT (SR_NO, CNIC, CONTACT) VALUES (2, 3320218245884, 6228982476
)
INSERT INTO OC_PERSON_CONTACT (SR_NO, CNIC, CONTACT) VALUES (1, 3320218245885, 3222222995
)
INSERT INTO OC_PERSON_CONTACT (SR_NO, CNIC, CONTACT) VALUES (1, 3320218245886, 3222222996
)
INSERT INTO OC_PERSON_CONTACT (SR_NO, CNIC, CONTACT) VALUES (1, 3320218245887, 3222222997
)
INSERT INTO OC_PERSON_CONTACT (SR_NO, CNIC, CONTACT) VALUES (1, 3320218245888, 3222222998
)
INSERT INTO OC_PERSON_CONTACT (SR_NO, CNIC, CONTACT) VALUES (1, 3320218245889, 3222222999
)
INSERT INTO OC_PERSON_CONTACT (SR_NO, CNIC, CONTACT) VALUES (1, 3320218245890, 3222223000
)
INSERT INTO OC_PERSON_CONTACT (SR_NO, CNIC, CONTACT) VALUES (2, 3320218245890, 7656582992
)
INSERT INTO OC_PERSON_CONTACT (SR_NO, CNIC, CONTACT) VALUES (3, 3320218245890, 8768488768
)
INSERT INTO OC_PERSON_CONTACT (SR_NO, CNIC, CONTACT) VALUES (1, 3320218245891, 3222223001
)
INSERT INTO OC_PERSON_CONTACT (SR_NO, CNIC, CONTACT) VALUES (1, 3320218245892, 3222223002
)
INSERT INTO OC_PERSON_CONTACT (SR_NO, CNIC, CONTACT) VALUES (1, 3320218245893, 3008447077
)
INSERT INTO OC_PERSON_CONTACT (SR_NO, CNIC, CONTACT) VALUES (1, 3320218245894, 3008447078
)
INSERT INTO OC_PERSON_CONTACT (SR_NO, CNIC, CONTACT) VALUES (1, 3320218245895, 3008447079
)
INSERT INTO OC_PERSON_CONTACT (SR_NO, CNIC, CONTACT) VALUES (1, 3320218245896, 3008447080
)
INSERT INTO OC_PERSON_CONTACT (SR_NO, CNIC, CONTACT) VALUES (1, 3320218245897, 3008447081
)
INSERT INTO OC_PERSON_CONTACT (SR_NO, CNIC, CONTACT) VALUES (1, 3320218245898, 3008447082
)
INSERT INTO OC_PERSON_CONTACT (SR_NO, CNIC, CONTACT) VALUES (1, 3320218245899, 3008447083
)
INSERT INTO OC_PERSON_CONTACT (SR_NO, CNIC, CONTACT) VALUES (1, 3320218245900, 3008447084
)
INSERT INTO OC_PERSON_CONTACT (SR_NO, CNIC, CONTACT) VALUES (1, 3320218245901, 3008447085
)
INSERT INTO OC_PERSON_CONTACT (SR_NO, CNIC, CONTACT) VALUES (1, 3320218245902, 3008447086
)
INSERT INTO OC_PERSON_CONTACT (SR_NO, CNIC, CONTACT) VALUES (1, 3320218245903, 3008447087
)
INSERT INTO OC_PERSON_CONTACT (SR_NO, CNIC, CONTACT) VALUES (1, 3320218245904, 3008447088
)
INSERT INTO OC_PERSON_CONTACT (SR_NO, CNIC, CONTACT) VALUES (1, 3320218245905, 3008447089
)
INSERT INTO OC_PERSON_CONTACT (SR_NO, CNIC, CONTACT) VALUES (1, 3526210098780, 3008447090
)
INSERT INTO OC_PERSON_CONTACT (SR_NO, CNIC, CONTACT) VALUES (1, 3526210098781, 3008447091
)
INSERT INTO OC_PERSON_CONTACT (SR_NO, CNIC, CONTACT) VALUES (1, 3526210098782, 3008447092
)
INSERT INTO OC_PERSON_CONTACT (SR_NO, CNIC, CONTACT) VALUES (1, 3526210098783, 3008447093
)
INSERT INTO OC_PERSON_CONTACT (SR_NO, CNIC, CONTACT) VALUES (1, 3526210098784, 3566819168
)
INSERT INTO OC_PERSON_CONTACT (SR_NO, CNIC, CONTACT) VALUES (1, 3526210098785, 3566819169
)
INSERT INTO OC_PERSON_CONTACT (SR_NO, CNIC, CONTACT) VALUES (1, 3526210098786, 3566819170
)
INSERT INTO OC_PERSON_CONTACT (SR_NO, CNIC, CONTACT) VALUES (1, 3526210098787, 3566819171
)
INSERT INTO OC_PERSON_CONTACT (SR_NO, CNIC, CONTACT) VALUES (1, 3526210098788, 3566819172
)
INSERT INTO OC_PERSON_CONTACT (SR_NO, CNIC, CONTACT) VALUES (1, 3526210098789, 3566819173
)
INSERT INTO OC_PERSON_CONTACT (SR_NO, CNIC, CONTACT) VALUES (1, 3526210098790, 3566819174
)
INSERT INTO OC_PERSON_CONTACT (SR_NO, CNIC, CONTACT) VALUES (1, 3526210098791, 3566819175
)
INSERT INTO OC_PERSON_CONTACT (SR_NO, CNIC, CONTACT) VALUES (2, 3526210098791, 8768489727
)
INSERT INTO OC_PERSON_CONTACT (SR_NO, CNIC, CONTACT) VALUES (1, 3526210098792, 3566819176
)
INSERT INTO OC_PERSON_CONTACT (SR_NO, CNIC, CONTACT) VALUES (1, 3526210098793, 3566819177
)
INSERT INTO OC_PERSON_CONTACT (SR_NO, CNIC, CONTACT) VALUES (1, 3526210098794, 3566819178
)
INSERT INTO OC_PERSON_CONTACT (SR_NO, CNIC, CONTACT) VALUES (1, 3526210098795, 3566819179
)
INSERT INTO OC_PERSON_CONTACT (SR_NO, CNIC, CONTACT) VALUES (1, 3526210098796, 3566819180
)
INSERT INTO OC_PERSON_CONTACT (SR_NO, CNIC, CONTACT) VALUES (1, 3526210098797, 3566819181
)
INSERT INTO OC_PERSON_CONTACT (SR_NO, CNIC, CONTACT) VALUES (1, 3526210098798, 3566819182
)
INSERT INTO OC_PERSON_CONTACT (SR_NO, CNIC, CONTACT) VALUES (1, 3526210098799, 3566819183
)
INSERT INTO OC_PERSON_CONTACT (SR_NO, CNIC, CONTACT) VALUES (1, 3526210098800, 8778736282
)
INSERT INTO OC_PERSON_CONTACT (SR_NO, CNIC, CONTACT) VALUES (1, 3526210098801, 8778736283
)
INSERT INTO OC_PERSON_CONTACT (SR_NO, CNIC, CONTACT) VALUES (1, 3526210098802, 8778736284
)
INSERT INTO OC_PERSON_CONTACT (SR_NO, CNIC, CONTACT) VALUES (1, 3526210098803, 8778736285
)
INSERT INTO OC_PERSON_CONTACT (SR_NO, CNIC, CONTACT) VALUES (1, 3526210098804, 8778736286
)
INSERT INTO OC_PERSON_CONTACT (SR_NO, CNIC, CONTACT) VALUES (1, 1644425695211, 8778736287
)
INSERT INTO OC_PERSON_CONTACT (SR_NO, CNIC, CONTACT) VALUES (1, 1644425695212, 8778736288
)
INSERT INTO OC_PERSON_CONTACT (SR_NO, CNIC, CONTACT) VALUES (1, 1644425695213, 8778736289
)
INSERT INTO OC_PERSON_CONTACT (SR_NO, CNIC, CONTACT) VALUES (1, 1644425695214, 8778736290
)
INSERT INTO OC_PERSON_CONTACT (SR_NO, CNIC, CONTACT) VALUES (1, 1644425695215, 8778736291
)
INSERT INTO OC_PERSON_CONTACT (SR_NO, CNIC, CONTACT) VALUES (1, 1644425695216, 8778736292
)
INSERT INTO OC_PERSON_CONTACT (SR_NO, CNIC, CONTACT) VALUES (1, 1644425695217, 8778736293
)
INSERT INTO OC_PERSON_CONTACT (SR_NO, CNIC, CONTACT) VALUES (1, 1644425695218, 8778736294
)
INSERT INTO OC_PERSON_CONTACT (SR_NO, CNIC, CONTACT) VALUES (1, 1644425695219, 8778736295
)
INSERT INTO OC_PERSON_CONTACT (SR_NO, CNIC, CONTACT) VALUES (1, 1644425695220, 8778736296
)
INSERT INTO OC_PERSON_CONTACT (SR_NO, CNIC, CONTACT) VALUES (1, 1644425695221, 8778736297
)
INSERT INTO OC_PERSON_CONTACT (SR_NO, CNIC, CONTACT) VALUES (1, 1644425695222, 8778736298
)
INSERT INTO OC_PERSON_CONTACT (SR_NO, CNIC, CONTACT) VALUES (1, 1644425695223, 8778736299
)
INSERT INTO OC_PERSON_CONTACT (SR_NO, CNIC, CONTACT) VALUES (1, 1644425695224, 6989828757
)
INSERT INTO OC_PERSON_CONTACT (SR_NO, CNIC, CONTACT) VALUES (1, 1644425695225, 6989828758
)
INSERT INTO OC_PERSON_CONTACT (SR_NO, CNIC, CONTACT) VALUES (1, 1644425695226, 6989828759
)
INSERT INTO OC_PERSON_CONTACT (SR_NO, CNIC, CONTACT) VALUES (1, 1644425695227, 6989828760
)
INSERT INTO OC_PERSON_CONTACT (SR_NO, CNIC, CONTACT) VALUES (1, 1644425695228, 6989828761
)
INSERT INTO OC_PERSON_CONTACT (SR_NO, CNIC, CONTACT) VALUES (1, 1644425695229, 6989828762
)
INSERT INTO OC_PERSON_CONTACT (SR_NO, CNIC, CONTACT) VALUES (1, 1644425695230, 6989828763
)
INSERT INTO OC_PERSON_CONTACT (SR_NO, CNIC, CONTACT) VALUES (1, 1644425695231, 6989828764
)
INSERT INTO OC_PERSON_CONTACT (SR_NO, CNIC, CONTACT) VALUES (1, 1644425695232, 6989828765
)
INSERT INTO OC_PERSON_CONTACT (SR_NO, CNIC, CONTACT) VALUES (1, 1644425695233, 6989828766
)
INSERT INTO OC_PERSON_CONTACT (SR_NO, CNIC, CONTACT) VALUES (1, 1644425695234, 6989828767
)
INSERT INTO OC_PERSON_CONTACT (SR_NO, CNIC, CONTACT) VALUES (1, 1644425695235, 6989828768
)
INSERT INTO OC_PERSON_CONTACT (SR_NO, CNIC, CONTACT) VALUES (1, 1644425695236, 6989828769
)
INSERT INTO OC_PERSON_CONTACT (SR_NO, CNIC, CONTACT) VALUES (1, 1644425695237, 6989828770
)
INSERT INTO OC_PERSON_CONTACT (SR_NO, CNIC, CONTACT) VALUES (1, 1644425695238, 6989828771
)
INSERT INTO OC_PERSON_CONTACT (SR_NO, CNIC, CONTACT) VALUES (1, 1644425695239, 6989828772
)
INSERT INTO OC_PERSON_CONTACT (SR_NO, CNIC, CONTACT) VALUES (1, 1644425695240, 6989828773
)
INSERT INTO OC_PERSON_CONTACT (SR_NO, CNIC, CONTACT) VALUES (1, 1644425695241, 6989828774
)
INSERT INTO OC_PERSON_CONTACT (SR_NO, CNIC, CONTACT) VALUES (1, 1644425695242, 6989828775
)
INSERT INTO OC_PERSON_CONTACT (SR_NO, CNIC, CONTACT) VALUES (1, 1644425695243, 6989828776
)
INSERT INTO OC_PERSON_CONTACT (SR_NO, CNIC, CONTACT) VALUES (1, 1644425695244, 6989828777
)
INSERT INTO OC_PERSON_CONTACT (SR_NO, CNIC, CONTACT) VALUES (1, 1644425695245, 6989828778
)
INSERT INTO OC_PERSON_CONTACT (SR_NO, CNIC, CONTACT) VALUES (1, 1644425695246, 6989828779
)
INSERT INTO OC_PERSON_CONTACT (SR_NO, CNIC, CONTACT) VALUES (1, 1644425695247, 6989828780
)
INSERT INTO OC_PERSON_CONTACT (SR_NO, CNIC, CONTACT) VALUES (1, 1644425695248, 6989828781
)
INSERT INTO OC_PERSON_CONTACT (SR_NO, CNIC, CONTACT) VALUES (1, 1644425695249, 6989828782
)
INSERT INTO OC_PERSON_CONTACT (SR_NO, CNIC, CONTACT) VALUES (1, 1644425695250, 6989828783
)
INSERT INTO OC_PERSON_CONTACT (SR_NO, CNIC, CONTACT) VALUES (1, 1644425695251, 6989828784
)
INSERT INTO OC_PERSON_CONTACT (SR_NO, CNIC, CONTACT) VALUES (1, 1644425695252, 7368386845
)
INSERT INTO OC_PERSON_CONTACT (SR_NO, CNIC, CONTACT) VALUES (1, 1644425695253, 8726876786
)
INSERT INTO OC_PERSON_CONTACT (SR_NO, CNIC, CONTACT) VALUES (2, 1644425695253, 3883787935
)
INSERT INTO OC_PERSON_CONTACT (SR_NO, CNIC, CONTACT) VALUES (3, 1644425695253, 3756376873
)
INSERT INTO OC_PERSON_CONTACT (SR_NO, CNIC, CONTACT) VALUES (4, 1644425695253, 8738738738
)
INSERT INTO OC_PERSON_CONTACT (SR_NO, CNIC, CONTACT) VALUES (1, 1644425695254, 8726876787
)
INSERT INTO OC_PERSON_CONTACT (SR_NO, CNIC, CONTACT) VALUES (1, 1644425695255, 8726876788
)
INSERT INTO OC_PERSON_CONTACT (SR_NO, CNIC, CONTACT) VALUES (1, 1644425695256, 8726876789
)
INSERT INTO OC_PERSON_CONTACT (SR_NO, CNIC, CONTACT) VALUES (1, 1644425695257, 8726876790
)
INSERT INTO OC_PERSON_CONTACT (SR_NO, CNIC, CONTACT) VALUES (1, 1644425695258, 8726876791
)
INSERT INTO OC_PERSON_CONTACT (SR_NO, CNIC, CONTACT) VALUES (1, 1644425695259, 8726876792
)
INSERT INTO OC_PERSON_CONTACT (SR_NO, CNIC, CONTACT) VALUES (1, 1644425695260, 8726876793
)


/*OC_PATIENT DATA ENTERIES*/
INSERT INTO OC_PATIENT (CNIC, PAT_ID) VALUES (3320218245881, 00001
)
INSERT INTO OC_PATIENT (CNIC, PAT_ID) VALUES (3320218245882, 00002
)
INSERT INTO OC_PATIENT (CNIC, PAT_ID) VALUES (3320218245883, 00003
)
INSERT INTO OC_PATIENT (CNIC, PAT_ID) VALUES (3320218245884, 00004
)
INSERT INTO OC_PATIENT (CNIC, PAT_ID) VALUES (3320218245885, 00005
)
INSERT INTO OC_PATIENT (CNIC, PAT_ID) VALUES (3320218245886, 00006
)
INSERT INTO OC_PATIENT (CNIC, PAT_ID) VALUES (3320218245887, 00007
)
INSERT INTO OC_PATIENT (CNIC, PAT_ID) VALUES (3320218245888, 00008
)
INSERT INTO OC_PATIENT (CNIC, PAT_ID) VALUES (3320218245889, 00009
)
INSERT INTO OC_PATIENT (CNIC, PAT_ID) VALUES (3320218245890, 00010
)
INSERT INTO OC_PATIENT (CNIC, PAT_ID) VALUES (3320218245891, 00011
)
INSERT INTO OC_PATIENT (CNIC, PAT_ID) VALUES (3320218245892, 00012
)
INSERT INTO OC_PATIENT (CNIC, PAT_ID) VALUES (3320218245893, 00013
)
INSERT INTO OC_PATIENT (CNIC, PAT_ID) VALUES (3320218245894, 00014
)
INSERT INTO OC_PATIENT (CNIC, PAT_ID) VALUES (3320218245895, 00015
)
INSERT INTO OC_PATIENT (CNIC, PAT_ID) VALUES (3320218245896, 00016
)
INSERT INTO OC_PATIENT (CNIC, PAT_ID) VALUES (3320218245897, 00017
)
INSERT INTO OC_PATIENT (CNIC, PAT_ID) VALUES (3320218245898, 00018
)
INSERT INTO OC_PATIENT (CNIC, PAT_ID) VALUES (3320218245899, 00019
)
INSERT INTO OC_PATIENT (CNIC, PAT_ID) VALUES (3320218245900, 00020
)
INSERT INTO OC_PATIENT (CNIC, PAT_ID) VALUES (3320218245901, 00021
)
INSERT INTO OC_PATIENT (CNIC, PAT_ID) VALUES (3320218245902, 00022
)
INSERT INTO OC_PATIENT (CNIC, PAT_ID) VALUES (3320218245903, 00023
)
INSERT INTO OC_PATIENT (CNIC, PAT_ID) VALUES (3320218245904, 00024
)
INSERT INTO OC_PATIENT (CNIC, PAT_ID) VALUES (3320218245905, 00025
)
INSERT INTO OC_PATIENT (CNIC, PAT_ID) VALUES (3526210098780, 00026
)
INSERT INTO OC_PATIENT (CNIC, PAT_ID) VALUES (3526210098781, 00027
)
INSERT INTO OC_PATIENT (CNIC, PAT_ID) VALUES (3526210098782, 00028
)
INSERT INTO OC_PATIENT (CNIC, PAT_ID) VALUES (3526210098783, 00029
)
INSERT INTO OC_PATIENT (CNIC, PAT_ID) VALUES (3526210098784, 00030
)
INSERT INTO OC_PATIENT (CNIC, PAT_ID) VALUES (3526210098785, 00031
)
INSERT INTO OC_PATIENT (CNIC, PAT_ID) VALUES (3526210098786, 00032
)
INSERT INTO OC_PATIENT (CNIC, PAT_ID) VALUES (3526210098787, 00033
)
INSERT INTO OC_PATIENT (CNIC, PAT_ID) VALUES (3526210098788, 00034
)
INSERT INTO OC_PATIENT (CNIC, PAT_ID) VALUES (3526210098789, 00035
)
INSERT INTO OC_PATIENT (CNIC, PAT_ID) VALUES (3526210098790, 00036
)
INSERT INTO OC_PATIENT (CNIC, PAT_ID) VALUES (3526210098791, 00037
)
INSERT INTO OC_PATIENT (CNIC, PAT_ID) VALUES (3526210098792, 00038
)
INSERT INTO OC_PATIENT (CNIC, PAT_ID) VALUES (3526210098793, 00039
)
INSERT INTO OC_PATIENT (CNIC, PAT_ID) VALUES (3526210098794, 00040
)
INSERT INTO OC_PATIENT (CNIC, PAT_ID) VALUES (3526210098795, 00041
)
INSERT INTO OC_PATIENT (CNIC, PAT_ID) VALUES (3526210098796, 00042
)
INSERT INTO OC_PATIENT (CNIC, PAT_ID) VALUES (3526210098797, 00043
)
INSERT INTO OC_PATIENT (CNIC, PAT_ID) VALUES (3526210098798, 00044
)
INSERT INTO OC_PATIENT (CNIC, PAT_ID) VALUES (3526210098799, 00045
)
INSERT INTO OC_PATIENT (CNIC, PAT_ID) VALUES (3526210098800, 00046
)
INSERT INTO OC_PATIENT (CNIC, PAT_ID) VALUES (3526210098801, 00047
)
INSERT INTO OC_PATIENT (CNIC, PAT_ID) VALUES (3526210098802, 00048
)
INSERT INTO OC_PATIENT (CNIC, PAT_ID) VALUES (3526210098803, 00049
)
INSERT INTO OC_PATIENT (CNIC, PAT_ID) VALUES (3526210098804, 00050
)
INSERT INTO OC_PATIENT (CNIC, PAT_ID) VALUES (1644425695211, 00051
)
INSERT INTO OC_PATIENT (CNIC, PAT_ID) VALUES (1644425695212, 00052
)
INSERT INTO OC_PATIENT (CNIC, PAT_ID) VALUES (1644425695213, 00053
)
INSERT INTO OC_PATIENT (CNIC, PAT_ID) VALUES (1644425695214, 00054
)
INSERT INTO OC_PATIENT (CNIC, PAT_ID) VALUES (1644425695215, 00055
)
INSERT INTO OC_PATIENT (CNIC, PAT_ID) VALUES (1644425695216, 00056
)
INSERT INTO OC_PATIENT (CNIC, PAT_ID) VALUES (1644425695217, 00057
)
INSERT INTO OC_PATIENT (CNIC, PAT_ID) VALUES (1644425695218, 00058
)
INSERT INTO OC_PATIENT (CNIC, PAT_ID) VALUES (1644425695219, 00059
)
INSERT INTO OC_PATIENT (CNIC, PAT_ID) VALUES (1644425695220, 00060
)
INSERT INTO OC_PATIENT (CNIC, PAT_ID) VALUES (1644425695221, 00061
)
INSERT INTO OC_PATIENT (CNIC, PAT_ID) VALUES (1644425695222, 00062
)
INSERT INTO OC_PATIENT (CNIC, PAT_ID) VALUES (1644425695223, 00063
)
INSERT INTO OC_PATIENT (CNIC, PAT_ID) VALUES (1644425695224, 00064
)
INSERT INTO OC_PATIENT (CNIC, PAT_ID) VALUES (1644425695225, 00065
)
INSERT INTO OC_PATIENT (CNIC, PAT_ID) VALUES (1644425695226, 00066
)
INSERT INTO OC_PATIENT (CNIC, PAT_ID) VALUES (1644425695227, 00067
)
INSERT INTO OC_PATIENT (CNIC, PAT_ID) VALUES (1644425695228, 00068
)
INSERT INTO OC_PATIENT (CNIC, PAT_ID) VALUES (1644425695229, 00069
)
INSERT INTO OC_PATIENT (CNIC, PAT_ID) VALUES (1644425695230, 00070
)
INSERT INTO OC_PATIENT (CNIC, PAT_ID) VALUES (1644425695231, 00071
)
INSERT INTO OC_PATIENT (CNIC, PAT_ID) VALUES (1644425695232, 00072
)
INSERT INTO OC_PATIENT (CNIC, PAT_ID) VALUES (1644425695233, 00073
)
INSERT INTO OC_PATIENT (CNIC, PAT_ID) VALUES (1644425695234, 00074
)
INSERT INTO OC_PATIENT (CNIC, PAT_ID) VALUES (1644425695235, 00075
)
INSERT INTO OC_PATIENT (CNIC, PAT_ID) VALUES (1644425695236, 00076
)
INSERT INTO OC_PATIENT (CNIC, PAT_ID) VALUES (1644425695237, 00077
)
INSERT INTO OC_PATIENT (CNIC, PAT_ID) VALUES (1644425695238, 00078
)
INSERT INTO OC_PATIENT (CNIC, PAT_ID) VALUES (1644425695239, 00079
)
INSERT INTO OC_PATIENT (CNIC, PAT_ID) VALUES (1644425695240, 00080
)


/*OC_DOCTOR DATA ENTERIES*/
INSERT INTO OC_DOCTOR (CNIC, DOC_ID, QUALIFICATION, SPECIALIZATION, FEE) VALUES (1644425695241, 110001, 'BHMS, MD - Homeopathy', 'Homeopath', 1000
)
INSERT INTO OC_DOCTOR (CNIC, DOC_ID, QUALIFICATION, SPECIALIZATION, FEE) VALUES (1644425695242, 110002, 'BAMS, MD - Ayurveda Medicine', 'Ayurveda', 3500
)
INSERT INTO OC_DOCTOR (CNIC, DOC_ID, QUALIFICATION, SPECIALIZATION, FEE) VALUES (1644425695243, 110003, 'MBBS, MS - Otorhinolaryngology', 'ENT Specialist', 3000
)
INSERT INTO OC_DOCTOR (CNIC, DOC_ID, QUALIFICATION, SPECIALIZATION, FEE) VALUES (1644425695244, 110004, 'BSc - Zoology, BAMS', 'Ayurveda', 2500
)
INSERT INTO OC_DOCTOR (CNIC, DOC_ID, QUALIFICATION, SPECIALIZATION, FEE) VALUES (1644425695245, 110005, 'BAMS', 'Ayurveda', 2500
)
INSERT INTO OC_DOCTOR (CNIC, DOC_ID, QUALIFICATION, SPECIALIZATION, FEE) VALUES (1644425695246, 110006, 'BAMS', 'Ayurveda', 1000
)
INSERT INTO OC_DOCTOR (CNIC, DOC_ID, QUALIFICATION, SPECIALIZATION, FEE) VALUES (1644425695247, 110007, 'BHMS', 'Homeopath', 2000
)
INSERT INTO OC_DOCTOR (CNIC, DOC_ID, QUALIFICATION, SPECIALIZATION, FEE) VALUES (1644425695248, 110008, 'BDS', 'Dentist', 2000
)
INSERT INTO OC_DOCTOR (CNIC, DOC_ID, QUALIFICATION, SPECIALIZATION, FEE) VALUES (1644425695249, 110009, 'MBBS, MD - General Medicine', 'General Medicine', 1000
)
INSERT INTO OC_DOCTOR (CNIC, DOC_ID, QUALIFICATION, SPECIALIZATION, FEE) VALUES (1644425695250, 110010, 'BSc, BDS', 'Dentist', 1000
)
INSERT INTO OC_DOCTOR (CNIC, DOC_ID, QUALIFICATION, SPECIALIZATION, FEE) VALUES (1644425695251, 110011, 'MBBS, MS, DNB - ENT', 'ENT Specialist', 7000
)
INSERT INTO OC_DOCTOR (CNIC, DOC_ID, QUALIFICATION, SPECIALIZATION, FEE) VALUES (1644425695252, 110012, 'BAMS', 'Ayurveda', 1000
)
INSERT INTO OC_DOCTOR (CNIC, DOC_ID, QUALIFICATION, SPECIALIZATION, FEE) VALUES (1644425695253, 110013, 'BDS, MDS', 'Dentist', 2000
)
INSERT INTO OC_DOCTOR (CNIC, DOC_ID, QUALIFICATION, SPECIALIZATION, FEE) VALUES (1644425695254, 110014, 'BDS, MDS - Oral & Maxillofacial Surgery', 'Dentist', 3500
)
INSERT INTO OC_DOCTOR (CNIC, DOC_ID, QUALIFICATION, SPECIALIZATION, FEE) VALUES (1644425695255, 110015, 'MBBS, Diploma in Otorhinolaryngology (DLO), DNB - ENT', 'ENT Specialist', 5000
)
INSERT INTO OC_DOCTOR (CNIC, DOC_ID, QUALIFICATION, SPECIALIZATION, FEE) VALUES (1644425695256, 110016, 'MBBS, MD - General Medicine', 'General Medicine', 2000
)
INSERT INTO OC_DOCTOR (CNIC, DOC_ID, QUALIFICATION, SPECIALIZATION, FEE) VALUES (1644425695257, 110017, 'MBBS, Diploma in Otorhinolaryngology (DLO)', 'ENT Specialist', 1000
)
INSERT INTO OC_DOCTOR (CNIC, DOC_ID, QUALIFICATION, SPECIALIZATION, FEE) VALUES (1644425695258, 110018, 'MBBS, MF- Homeopathy', 'Homeopath', 3000
)
INSERT INTO OC_DOCTOR (CNIC, DOC_ID, QUALIFICATION, SPECIALIZATION, FEE) VALUES (1644425695259, 110019, 'MBBS, MS - ENT', 'ENT Specialist', 4000
)
INSERT INTO OC_DOCTOR (CNIC, DOC_ID, QUALIFICATION, SPECIALIZATION, FEE) VALUES (1644425695260, 110020, 'MBBS', 'General Medicine', 1500
)
INSERT INTO OC_DOCTOR (CNIC, DOC_ID, QUALIFICATION, SPECIALIZATION, FEE) VALUES (1644425695236, 110021, 'MDS, DNB, BDS', 'Dentist', 2000)


/*OC_DOCTOR_HISTORY DATA ENTERIES*/
INSERT INTO OC_DOCTOR_HISTORY (SR_NO, CNIC, DOC_ID, QUALIFICATION, SPECIALIZATION, FEE) VALUES (1, 1644425695241, 110001, 'BHMS, MD - Homeopathy', 'Homeopath', 1000
)
INSERT INTO OC_DOCTOR_HISTORY (SR_NO, CNIC, DOC_ID, QUALIFICATION, SPECIALIZATION, FEE) VALUES (1, 1644425695242, 110002, 'BAMS, MD - Ayurveda Medicine', 'Ayurveda', 3500
)
INSERT INTO OC_DOCTOR_HISTORY (SR_NO, CNIC, DOC_ID, QUALIFICATION, SPECIALIZATION, FEE) VALUES (1, 1644425695243, 110003, 'MBBS, MS - Otorhinolaryngology', 'ENT Specialist', 3000
)
INSERT INTO OC_DOCTOR_HISTORY (SR_NO, CNIC, DOC_ID, QUALIFICATION, SPECIALIZATION, FEE) VALUES (1, 1644425695244, 110004, 'BSc - Zoology, BAMS', 'Ayurveda', 2500
)
INSERT INTO OC_DOCTOR_HISTORY (SR_NO, CNIC, DOC_ID, QUALIFICATION, SPECIALIZATION, FEE) VALUES (1, 1644425695245, 110005, 'BAMS', 'Ayurveda', 2500
)
INSERT INTO OC_DOCTOR_HISTORY (SR_NO, CNIC, DOC_ID, QUALIFICATION, SPECIALIZATION, FEE) VALUES (1, 1644425695246, 110006, 'BAMS', 'Ayurveda', 1000
)
INSERT INTO OC_DOCTOR_HISTORY (SR_NO, CNIC, DOC_ID, QUALIFICATION, SPECIALIZATION, FEE) VALUES (1, 1644425695247, 110007, 'BHMS', 'Homeopath', 2000
)
INSERT INTO OC_DOCTOR_HISTORY (SR_NO, CNIC, DOC_ID, QUALIFICATION, SPECIALIZATION, FEE) VALUES (1, 1644425695248, 110008, 'BDS', 'Dentist', 2000
)
INSERT INTO OC_DOCTOR_HISTORY (SR_NO, CNIC, DOC_ID, QUALIFICATION, SPECIALIZATION, FEE) VALUES (1, 1644425695249, 110009, 'MBBS, MD - General Medicine', 'General Medicine', 1000
)
INSERT INTO OC_DOCTOR_HISTORY (SR_NO, CNIC, DOC_ID, QUALIFICATION, SPECIALIZATION, FEE) VALUES (1, 1644425695250, 110010, 'BSc, BDS', 'Dentist', 1000
)
INSERT INTO OC_DOCTOR_HISTORY (SR_NO, CNIC, DOC_ID, QUALIFICATION, SPECIALIZATION, FEE) VALUES (1, 1644425695251, 110011, 'MBBS, MS, DNB - ENT', 'ENT Specialist', 7000
)
INSERT INTO OC_DOCTOR_HISTORY (SR_NO, CNIC, DOC_ID, QUALIFICATION, SPECIALIZATION, FEE) VALUES (1, 1644425695252, 110012, 'BAMS', 'Ayurveda', 1000
)
INSERT INTO OC_DOCTOR_HISTORY (SR_NO, CNIC, DOC_ID, QUALIFICATION, SPECIALIZATION, FEE) VALUES (1, 1644425695253, 110013, 'BDS, MDS', 'Dentist', 2000
)
INSERT INTO OC_DOCTOR_HISTORY (SR_NO, CNIC, DOC_ID, QUALIFICATION, SPECIALIZATION, FEE) VALUES (1, 1644425695254, 110014, 'BDS, MDS - Oral & Maxillofacial Surgery', 'Dentist', 3500
)
INSERT INTO OC_DOCTOR_HISTORY (SR_NO, CNIC, DOC_ID, QUALIFICATION, SPECIALIZATION, FEE) VALUES (1, 1644425695255, 110015, 'MBBS, Diploma in Otorhinolaryngology (DLO), DNB - ENT', 'ENT Specialist', 5000
)
INSERT INTO OC_DOCTOR_HISTORY (SR_NO, CNIC, DOC_ID, QUALIFICATION, SPECIALIZATION, FEE) VALUES (1, 1644425695256, 110016, 'MBBS, MD - General Medicine', 'General Medicine', 2000
)
INSERT INTO OC_DOCTOR_HISTORY (SR_NO, CNIC, DOC_ID, QUALIFICATION, SPECIALIZATION, FEE) VALUES (1, 1644425695257, 110017, 'MBBS, Diploma in Otorhinolaryngology (DLO)', 'ENT Specialist', 1000
)
INSERT INTO OC_DOCTOR_HISTORY (SR_NO, CNIC, DOC_ID, QUALIFICATION, SPECIALIZATION, FEE) VALUES (1, 1644425695258, 110018, 'MBBS, MF- Homeopathy', 'Homeopath', 3000
)
INSERT INTO OC_DOCTOR_HISTORY (SR_NO, CNIC, DOC_ID, QUALIFICATION, SPECIALIZATION, FEE) VALUES (1, 1644425695259, 110019, 'MBBS, MS - ENT', 'ENT Specialist', 4000
)
INSERT INTO OC_DOCTOR_HISTORY (SR_NO, CNIC, DOC_ID, QUALIFICATION, SPECIALIZATION, FEE) VALUES (1, 1644425695260, 110020, 'MBBS', 'General Medicine', 1500
)
INSERT INTO OC_DOCTOR_HISTORY (SR_NO, CNIC, DOC_ID, QUALIFICATION, SPECIALIZATION, FEE) VALUES (1, 1644425695236, 110021, 'MDS, DNB', 'Dentist', 2000
)
INSERT INTO OC_DOCTOR_HISTORY (SR_NO, CNIC, DOC_ID, QUALIFICATION, SPECIALIZATION, FEE) VALUES (2, 1644425695236, 110021, 'MDS, DNB, BDS', 'Dentist', 2000
)


/*OC_MEDICINE DATA ENTERIES*/
INSERT INTO OC_MEDICINE (MED_ID, MED_NAME, MED_POTENCY, "DESC", MGF_DATE, EXP_DATE, QUANTITY, PRICE) VALUES (1120000, 'ABSTRAL', '2 MG', 'FENTANYL CITRATE', '1/1/2020', '1/1/2025', 20, 100
)
INSERT INTO OC_MEDICINE (MED_ID, MED_NAME, MED_POTENCY, "DESC", MGF_DATE, EXP_DATE, QUANTITY, PRICE) VALUES (1120001, 'ACETAMINOPHEN-CODEINE', '3 MG', 'ACETAMINOPHEN WITH CODEINE', '1/2/2020', '1/2/2025', 20, 101
)
INSERT INTO OC_MEDICINE (MED_ID, MED_NAME, MED_POTENCY, "DESC", MGF_DATE, EXP_DATE, QUANTITY, PRICE) VALUES (1120002, 'ACTIQ', '4 MG', 'FENTANYL CITRATE', '1/3/2020', '1/3/2025', 20, 102
)
INSERT INTO OC_MEDICINE (MED_ID, MED_NAME, MED_POTENCY, "DESC", MGF_DATE, EXP_DATE, QUANTITY, PRICE) VALUES (1120003, 'ASCOMP WITH CODEINE', '5 MG', 'CODEINE/BUTALBITAL/ASA/CAFFEIN', '1/4/2020', '1/4/2025', 20, 103
)
INSERT INTO OC_MEDICINE (MED_ID, MED_NAME, MED_POTENCY, "DESC", MGF_DATE, EXP_DATE, QUANTITY, PRICE) VALUES (1120004, 'ASPIRIN-CAFFEINE-DIHYDROCODEIN', '6 MG', 'DIHYDROCODEINE/ASPIRIN/CAFFEIN', '1/5/2020', '1/5/2025', 20, 104
)
INSERT INTO OC_MEDICINE (MED_ID, MED_NAME, MED_POTENCY, "DESC", MGF_DATE, EXP_DATE, QUANTITY, PRICE) VALUES (1120005, 'AVINZA', '7 MG', 'MORPHINE SULFATE', '1/6/2020', '1/6/2025', 20, 105
)
INSERT INTO OC_MEDICINE (MED_ID, MED_NAME, MED_POTENCY, "DESC", MGF_DATE, EXP_DATE, QUANTITY, PRICE) VALUES (1120006, 'BELLADONNA-OPIUM', '8 MG', 'OPIUM/BELLADONNA ALKALOIDS', '1/7/2020', '1/7/2025', 20, 106
)
INSERT INTO OC_MEDICINE (MED_ID, MED_NAME, MED_POTENCY, "DESC", MGF_DATE, EXP_DATE, QUANTITY, PRICE) VALUES (1120007, 'BUPRENORPHINE HCL', '9 MG', 'BUPRENORPHINE HCL', '1/8/2020', '1/8/2025', 20, 107
)
INSERT INTO OC_MEDICINE (MED_ID, MED_NAME, MED_POTENCY, "DESC", MGF_DATE, EXP_DATE, QUANTITY, PRICE) VALUES (1120008, 'BUTALB-ACETAMINOPH-CAFF-CODEIN', '10 MG', 'BUTALBIT/ACETAMIN/CAFF/CODEINE', '1/9/2020', '1/9/2025', 20, 108
)
INSERT INTO OC_MEDICINE (MED_ID, MED_NAME, MED_POTENCY, "DESC", MGF_DATE, EXP_DATE, QUANTITY, PRICE) VALUES (1120009, 'BUTALB-CAFF-ACETAMINOPH-CODEIN', '11 MG', 'BUTALBIT/ACETAMIN/CAFF/CODEINE', '1/10/2020', '1/10/2025', 20, 109
)
INSERT INTO OC_MEDICINE (MED_ID, MED_NAME, MED_POTENCY, "DESC", MGF_DATE, EXP_DATE, QUANTITY, PRICE) VALUES (1120010, 'BUTALBITAL COMPOUND-CODEINE', '12 MG', 'CODEINE/BUTALBITAL/ASA/CAFFEIN', '1/11/2020', '1/11/2025', 20, 110
)
INSERT INTO OC_MEDICINE (MED_ID, MED_NAME, MED_POTENCY, "DESC", MGF_DATE, EXP_DATE, QUANTITY, PRICE) VALUES (1120011, 'BUTORPHANOL TARTRATE', '13 MG', 'BUTORPHANOL TARTRATE', '1/12/2020', '1/12/2025', 20, 111
)
INSERT INTO OC_MEDICINE (MED_ID, MED_NAME, MED_POTENCY, "DESC", MGF_DATE, EXP_DATE, QUANTITY, PRICE) VALUES (1120012, 'BUTRANS', '14 MG', 'BUPRENORPHINE', '1/13/2020', '1/13/2025', 20, 112
)
INSERT INTO OC_MEDICINE (MED_ID, MED_NAME, MED_POTENCY, "DESC", MGF_DATE, EXP_DATE, QUANTITY, PRICE) VALUES (1120013, 'CAPITAL W-CODEINE', '15 MG', 'ACETAMINOPHEN WITH CODEINE', '1/14/2020', '1/14/2025', 20, 113
)
INSERT INTO OC_MEDICINE (MED_ID, MED_NAME, MED_POTENCY, "DESC", MGF_DATE, EXP_DATE, QUANTITY, PRICE) VALUES (1120014, 'CARISOPRODOL COMPOUND-CODEINE', '1 MG', 'CODEINE/CARISOPRODOL/ASPIRIN', '1/15/2020', '1/15/2025', 20, 114
)
INSERT INTO OC_MEDICINE (MED_ID, MED_NAME, MED_POTENCY, "DESC", MGF_DATE, EXP_DATE, QUANTITY, PRICE) VALUES (1120015, 'CARISOPRODOL-ASPIRIN-CODEINE', '2 MG', 'CODEINE/CARISOPRODOL/ASPIRIN', '1/16/2020', '1/16/2025', 20, 115
)
INSERT INTO OC_MEDICINE (MED_ID, MED_NAME, MED_POTENCY, "DESC", MGF_DATE, EXP_DATE, QUANTITY, PRICE) VALUES (1120016, 'CODEINE SULFATE', '3 MG', 'CODEINE SULFATE', '1/17/2020', '1/17/2025', 20, 116
)
INSERT INTO OC_MEDICINE (MED_ID, MED_NAME, MED_POTENCY, "DESC", MGF_DATE, EXP_DATE, QUANTITY, PRICE) VALUES (1120017, 'CO-GESIC', '4 MG', 'HYDROCODONE/ACETAMINOPHEN', '1/18/2020', '1/18/2025', 20, 117
)
INSERT INTO OC_MEDICINE (MED_ID, MED_NAME, MED_POTENCY, "DESC", MGF_DATE, EXP_DATE, QUANTITY, PRICE) VALUES (1120018, 'CONZIP', '5 MG', 'TRAMADOL HCL', '1/19/2020', '1/19/2025', 20, 118
)
INSERT INTO OC_MEDICINE (MED_ID, MED_NAME, MED_POTENCY, "DESC", MGF_DATE, EXP_DATE, QUANTITY, PRICE) VALUES (1120019, 'DEMEROL', '6 MG', 'MEPERIDINE HCL', '1/20/2020', '1/20/2025', 20, 119
)
INSERT INTO OC_MEDICINE (MED_ID, MED_NAME, MED_POTENCY, "DESC", MGF_DATE, EXP_DATE, QUANTITY, PRICE) VALUES (1120020, 'DILAUDID', '7 MG', 'MEPERIDINE HCL/PF', '1/21/2020', '1/21/2025', 20, 120
)
INSERT INTO OC_MEDICINE (MED_ID, MED_NAME, MED_POTENCY, "DESC", MGF_DATE, EXP_DATE, QUANTITY, PRICE) VALUES (1120021, 'DILAUDID-HP', '8 MG', 'HYDROMORPHONE HCL', '1/22/2020', '1/22/2025', 20, 121
)
INSERT INTO OC_MEDICINE (MED_ID, MED_NAME, MED_POTENCY, "DESC", MGF_DATE, EXP_DATE, QUANTITY, PRICE) VALUES (1120022, 'DISKETS', '9 MG', 'HYDROMORPHONE HCL/PF', '1/23/2020', '1/23/2025', 20, 122
)
INSERT INTO OC_MEDICINE (MED_ID, MED_NAME, MED_POTENCY, "DESC", MGF_DATE, EXP_DATE, QUANTITY, PRICE) VALUES (1120023, 'DOLOPHINE HCL', '10 MG', 'HYDROMORPHONE HCL/PF', '1/24/2020', '1/24/2025', 20, 123
)
INSERT INTO OC_MEDICINE (MED_ID, MED_NAME, MED_POTENCY, "DESC", MGF_DATE, EXP_DATE, QUANTITY, PRICE) VALUES (1120024, 'DURAGESIC', '11 MG', 'METHADONE HCL', '1/25/2020', '1/25/2025', 20, 124
)
INSERT INTO OC_MEDICINE (MED_ID, MED_NAME, MED_POTENCY, "DESC", MGF_DATE, EXP_DATE, QUANTITY, PRICE) VALUES (1120025, 'DURAMORPH', '12 MG', 'METHADONE HCL', '1/26/2020', '1/26/2025', 20, 125
)
INSERT INTO OC_MEDICINE (MED_ID, MED_NAME, MED_POTENCY, "DESC", MGF_DATE, EXP_DATE, QUANTITY, PRICE) VALUES (1120026, 'ENDOCET', '13 MG', 'FENTANYL', '1/27/2020', '1/27/2025', 20, 126
)
INSERT INTO OC_MEDICINE (MED_ID, MED_NAME, MED_POTENCY, "DESC", MGF_DATE, EXP_DATE, QUANTITY, PRICE) VALUES (1120027, 'ENDODAN', '14 MG', 'MORPHINE SULFATE/PF', '1/28/2020', '1/28/2025', 20, 127
)
INSERT INTO OC_MEDICINE (MED_ID, MED_NAME, MED_POTENCY, "DESC", MGF_DATE, EXP_DATE, QUANTITY, PRICE) VALUES (1120028, 'EXALGO', '15 MG', 'OXYCODONE HCL/ACETAMINOPHEN', '1/29/2020', '1/29/2025', 20, 128
)
INSERT INTO OC_MEDICINE (MED_ID, MED_NAME, MED_POTENCY, "DESC", MGF_DATE, EXP_DATE, QUANTITY, PRICE) VALUES (1120029, 'FENTANYL', '16 MG', 'OXYCODONE HCL/ASPIRIN', '1/30/2020', '1/30/2025', 20, 129
)
INSERT INTO OC_MEDICINE (MED_ID, MED_NAME, MED_POTENCY, "DESC", MGF_DATE, EXP_DATE, QUANTITY, PRICE) VALUES (1120030, 'FENTANYL CITRATE', '17 MG', 'HYDROMORPHONE HCL', '1/31/2020', '1/31/2025', 20, 130
)
INSERT INTO OC_MEDICINE (MED_ID, MED_NAME, MED_POTENCY, "DESC", MGF_DATE, EXP_DATE, QUANTITY, PRICE) VALUES (1120031, 'FENTORA', '18 MG', 'FENTANYL', '2/1/2020', '2/1/2025', 20, 131
)
INSERT INTO OC_MEDICINE (MED_ID, MED_NAME, MED_POTENCY, "DESC", MGF_DATE, EXP_DATE, QUANTITY, PRICE) VALUES (1120032, 'FIORICET WITH CODEINE', '19 MG', 'FENTANYL CITRATE', '2/2/2020', '2/2/2025', 20, 132
)
INSERT INTO OC_MEDICINE (MED_ID, MED_NAME, MED_POTENCY, "DESC", MGF_DATE, EXP_DATE, QUANTITY, PRICE) VALUES (1120033, 'FIORINAL WITH CODEINE #3', '20 MG', 'FENTANYL CITRATE', '2/3/2020', '2/3/2025', 20, 133
)
INSERT INTO OC_MEDICINE (MED_ID, MED_NAME, MED_POTENCY, "DESC", MGF_DATE, EXP_DATE, QUANTITY, PRICE) VALUES (1120034, 'HYCET', '21 MG', 'BUTALBIT/ACETAMIN/CAFF/CODEINE', '2/4/2020', '2/4/2025', 20, 134
)
INSERT INTO OC_MEDICINE (MED_ID, MED_NAME, MED_POTENCY, "DESC", MGF_DATE, EXP_DATE, QUANTITY, PRICE) VALUES (1120035, 'HYDROCODONE-ACETAMINOPHEN', '22 MG', 'CODEINE/BUTALBITAL/ASA/CAFFEIN', '2/5/2020', '2/5/2025', 20, 135
)
INSERT INTO OC_MEDICINE (MED_ID, MED_NAME, MED_POTENCY, "DESC", MGF_DATE, EXP_DATE, QUANTITY, PRICE) VALUES (1120036, 'HYDROCODONE-IBUPROFEN', '23 MG', 'HYDROCODONE/ACETAMINOPHEN', '2/6/2020', '2/6/2025', 20, 136
)
INSERT INTO OC_MEDICINE (MED_ID, MED_NAME, MED_POTENCY, "DESC", MGF_DATE, EXP_DATE, QUANTITY, PRICE) VALUES (1120037, 'HYDROMORPHONE ER', '24 MG', 'HYDROCODONE/ACETAMINOPHEN', '2/7/2020', '2/7/2025', 20, 137
)
INSERT INTO OC_MEDICINE (MED_ID, MED_NAME, MED_POTENCY, "DESC", MGF_DATE, EXP_DATE, QUANTITY, PRICE) VALUES (1120038, 'HYDROMORPHONE HCL', '25 MG', 'HYDROCODONE/IBUPROFEN', '2/8/2020', '2/8/2025', 20, 138
)
INSERT INTO OC_MEDICINE (MED_ID, MED_NAME, MED_POTENCY, "DESC", MGF_DATE, EXP_DATE, QUANTITY, PRICE) VALUES (1120039, 'IBUDONE', '26 MG', 'HYDROMORPHONE HCL', '2/9/2020', '2/9/2025', 20, 139
)
INSERT INTO OC_MEDICINE (MED_ID, MED_NAME, MED_POTENCY, "DESC", MGF_DATE, EXP_DATE, QUANTITY, PRICE) VALUES (1120040, 'INFUMORPH', '27 MG', 'HYDROMORPHONE HCL', '2/10/2020', '2/10/2025', 20, 140
)
INSERT INTO OC_MEDICINE (MED_ID, MED_NAME, MED_POTENCY, "DESC", MGF_DATE, EXP_DATE, QUANTITY, PRICE) VALUES (1120041, 'KADIAN', '28 MG', 'HYDROMORPHONE HCL/PF', '2/11/2020', '2/11/2025', 20, 141
)
INSERT INTO OC_MEDICINE (MED_ID, MED_NAME, MED_POTENCY, "DESC", MGF_DATE, EXP_DATE, QUANTITY, PRICE) VALUES (1120042, 'LAZANDA', '29 MG', 'HYDROCODONE/IBUPROFEN', '2/12/2020', '2/12/2025', 20, 142
)
INSERT INTO OC_MEDICINE (MED_ID, MED_NAME, MED_POTENCY, "DESC", MGF_DATE, EXP_DATE, QUANTITY, PRICE) VALUES (1120043, 'LEVORPHANOL TARTRATE', '30 MG', 'MORPHINE SULFATE/PF', '2/13/2020', '2/13/2025', 20, 143
)
INSERT INTO OC_MEDICINE (MED_ID, MED_NAME, MED_POTENCY, "DESC", MGF_DATE, EXP_DATE, QUANTITY, PRICE) VALUES (1120044, 'LORCET', '31 MG', 'MORPHINE SULFATE', '2/14/2020', '2/14/2025', 20, 144
)
INSERT INTO OC_MEDICINE (MED_ID, MED_NAME, MED_POTENCY, "DESC", MGF_DATE, EXP_DATE, QUANTITY, PRICE) VALUES (1120045, 'LORCET 10-650', '32 MG', 'FENTANYL CITRATE', '2/15/2020', '2/15/2025', 20, 145
)
INSERT INTO OC_MEDICINE (MED_ID, MED_NAME, MED_POTENCY, "DESC", MGF_DATE, EXP_DATE, QUANTITY, PRICE) VALUES (1120046, 'LORCET HD', '33 MG', 'LEVORPHANOL TARTRATE', '2/16/2020', '2/16/2025', 20, 146
)
INSERT INTO OC_MEDICINE (MED_ID, MED_NAME, MED_POTENCY, "DESC", MGF_DATE, EXP_DATE, QUANTITY, PRICE) VALUES (1120047, 'LORCET PLUS', '34 MG', 'HYDROCODONE/ACETAMINOPHEN', '2/17/2020', '2/17/2025', 20, 147
)
INSERT INTO OC_MEDICINE (MED_ID, MED_NAME, MED_POTENCY, "DESC", MGF_DATE, EXP_DATE, QUANTITY, PRICE) VALUES (1120048, 'LORTAB', '35 MG', 'HYDROCODONE/ACETAMINOPHEN', '2/18/2020', '2/18/2025', 20, 148
)
INSERT INTO OC_MEDICINE (MED_ID, MED_NAME, MED_POTENCY, "DESC", MGF_DATE, EXP_DATE, QUANTITY, PRICE) VALUES (1120049, 'MAGNACET', '36 MG', 'HYDROCODONE/ACETAMINOPHEN', '2/19/2020', '2/19/2025', 20, 149
)
INSERT INTO OC_MEDICINE (MED_ID, MED_NAME, MED_POTENCY, "DESC", MGF_DATE, EXP_DATE, QUANTITY, PRICE) VALUES (1120050, 'MEPERIDINE HCL', '37 MG', 'HYDROCODONE/ACETAMINOPHEN', '2/20/2020', '2/20/2025', 20, 150
)
INSERT INTO OC_MEDICINE (MED_ID, MED_NAME, MED_POTENCY, "DESC", MGF_DATE, EXP_DATE, QUANTITY, PRICE) VALUES (1120051, 'MORPHINE SULFATE ER', '38 MG', 'HYDROCODONE/ACETAMINOPHEN', '2/21/2020', '2/21/2025', 20, 151
)
INSERT INTO OC_MEDICINE (MED_ID, MED_NAME, MED_POTENCY, "DESC", MGF_DATE, EXP_DATE, QUANTITY, PRICE) VALUES (1120052, 'MS CONTIN', '39 MG', 'OXYCODONE HCL/ACETAMINOPHEN', '2/22/2020', '2/22/2025', 20, 152
)
INSERT INTO OC_MEDICINE (MED_ID, MED_NAME, MED_POTENCY, "DESC", MGF_DATE, EXP_DATE, QUANTITY, PRICE) VALUES (1120053, 'NALBUPHINE HCL', '40 MG', 'MEPERIDINE HCL', '2/23/2020', '2/23/2025', 20, 153
)
INSERT INTO OC_MEDICINE (MED_ID, MED_NAME, MED_POTENCY, "DESC", MGF_DATE, EXP_DATE, QUANTITY, PRICE) VALUES (1120054, 'NORCO', '41 MG', 'MEPERIDINE HCL/PF', '2/24/2020', '2/24/2025', 20, 154
)
INSERT INTO OC_MEDICINE (MED_ID, MED_NAME, MED_POTENCY, "DESC", MGF_DATE, EXP_DATE, QUANTITY, PRICE) VALUES (1120055, 'NUCYNTA', '42 MG', 'MEPERIDINE HCL', '2/25/2020', '2/25/2025', 20, 155
)
INSERT INTO OC_MEDICINE (MED_ID, MED_NAME, MED_POTENCY, "DESC", MGF_DATE, EXP_DATE, QUANTITY, PRICE) VALUES (1120056, 'NUCYNTA ER', '43 MG', 'METHADONE HCL', '2/26/2020', '2/26/2025', 20, 156
)
INSERT INTO OC_MEDICINE (MED_ID, MED_NAME, MED_POTENCY, "DESC", MGF_DATE, EXP_DATE, QUANTITY, PRICE) VALUES (1120057, 'OPANA', '44 MG', 'METHADONE HCL', '2/27/2020', '2/27/2025', 20, 157
)
INSERT INTO OC_MEDICINE (MED_ID, MED_NAME, MED_POTENCY, "DESC", MGF_DATE, EXP_DATE, QUANTITY, PRICE) VALUES (1120058, 'OPANA ER', '45 MG', 'METHADONE HCL', '2/28/2020', '2/28/2025', 20, 158
)
INSERT INTO OC_MEDICINE (MED_ID, MED_NAME, MED_POTENCY, "DESC", MGF_DATE, EXP_DATE, QUANTITY, PRICE) VALUES (1120059, 'OPIUM TINCTURE', '46 MG', 'MORPHINE SULFATE', '2/29/2020', '3/1/2025', 20, 159
)
INSERT INTO OC_MEDICINE (MED_ID, MED_NAME, MED_POTENCY, "DESC", MGF_DATE, EXP_DATE, QUANTITY, PRICE) VALUES (1120060, 'OXECTA', '47 MG', 'MORPHINE SULFATE/PF', '3/1/2020', '3/2/2025', 20, 160
)
INSERT INTO OC_MEDICINE (MED_ID, MED_NAME, MED_POTENCY, "DESC", MGF_DATE, EXP_DATE, QUANTITY, PRICE) VALUES (1120061, 'OXYCODONE HCL', '48 MG', 'MORPHINE SULFATE', '3/2/2020', '3/3/2025', 20, 161
)
INSERT INTO OC_MEDICINE (MED_ID, MED_NAME, MED_POTENCY, "DESC", MGF_DATE, EXP_DATE, QUANTITY, PRICE) VALUES (1120062, 'OXYCODONE HCL ER', '49 MG', 'MORPHINE SULFATE', '3/3/2020', '3/4/2025', 20, 162
)
INSERT INTO OC_MEDICINE (MED_ID, MED_NAME, MED_POTENCY, "DESC", MGF_DATE, EXP_DATE, QUANTITY, PRICE) VALUES (1120063, 'OXYCODONE HCL-ASPIRIN', '50 MG', 'NALBUPHINE HCL', '3/4/2020', '3/5/2025', 20, 163
)
INSERT INTO OC_MEDICINE (MED_ID, MED_NAME, MED_POTENCY, "DESC", MGF_DATE, EXP_DATE, QUANTITY, PRICE) VALUES (1120064, 'OXYCODONE HCL-IBUPROFEN', '51 MG', 'HYDROCODONE/ACETAMINOPHEN', '3/5/2020', '3/6/2025', 20, 164
)
INSERT INTO OC_MEDICINE (MED_ID, MED_NAME, MED_POTENCY, "DESC", MGF_DATE, EXP_DATE, QUANTITY, PRICE) VALUES (1120065, 'OXYCODONE-ACETAMINOPHEN', '52 MG', 'TAPENTADOL HCL', '3/6/2020', '3/7/2025', 20, 165
)
INSERT INTO OC_MEDICINE (MED_ID, MED_NAME, MED_POTENCY, "DESC", MGF_DATE, EXP_DATE, QUANTITY, PRICE) VALUES (1120066, 'OXYCONTIN', '53 MG', 'TAPENTADOL HCL', '3/7/2020', '3/8/2025', 20, 166
)
INSERT INTO OC_MEDICINE (MED_ID, MED_NAME, MED_POTENCY, "DESC", MGF_DATE, EXP_DATE, QUANTITY, PRICE) VALUES (1120067, 'OXYMORPHONE HCL', '54 MG', 'OXYMORPHONE HCL', '3/8/2020', '3/9/2025', 20, 167
)
INSERT INTO OC_MEDICINE (MED_ID, MED_NAME, MED_POTENCY, "DESC", MGF_DATE, EXP_DATE, QUANTITY, PRICE) VALUES (1120068, 'OXYMORPHONE HCL ER', '55 MG', 'OXYMORPHONE HCL', '3/9/2020', '3/10/2025', 20, 168
)
INSERT INTO OC_MEDICINE (MED_ID, MED_NAME, MED_POTENCY, "DESC", MGF_DATE, EXP_DATE, QUANTITY, PRICE) VALUES (1120069, 'PENTAZOCINE-ACETAMINOPHEN', '56 MG', 'OPIUM TINCTURE', '3/10/2020', '3/11/2025', 20, 169
)
INSERT INTO OC_MEDICINE (MED_ID, MED_NAME, MED_POTENCY, "DESC", MGF_DATE, EXP_DATE, QUANTITY, PRICE) VALUES (1120070, 'PENTAZOCINE-NALOXONE HCL', '57 MG', 'OXYCODONE HCL', '3/11/2020', '3/12/2025', 20, 170
)
INSERT INTO OC_MEDICINE (MED_ID, MED_NAME, MED_POTENCY, "DESC", MGF_DATE, EXP_DATE, QUANTITY, PRICE) VALUES (1120071, 'PERCOCET', '58 MG', 'OXYCODONE HCL', '3/12/2020', '3/13/2025', 20, 171
)
INSERT INTO OC_MEDICINE (MED_ID, MED_NAME, MED_POTENCY, "DESC", MGF_DATE, EXP_DATE, QUANTITY, PRICE) VALUES (1120072, 'PERCODAN', '59 MG', 'OXYCODONE HCL', '3/13/2020', '3/14/2025', 20, 172
)
INSERT INTO OC_MEDICINE (MED_ID, MED_NAME, MED_POTENCY, "DESC", MGF_DATE, EXP_DATE, QUANTITY, PRICE) VALUES (1120073, 'PRIMLEV', '60 MG', 'OXYCODONE HCL/ASPIRIN', '3/14/2020', '3/15/2025', 20, 173
)
INSERT INTO OC_MEDICINE (MED_ID, MED_NAME, MED_POTENCY, "DESC", MGF_DATE, EXP_DATE, QUANTITY, PRICE) VALUES (1120074, 'REPREXAIN', '61 MG', 'IBUPROFEN/OXYCODONE HCL', '3/15/2020', '3/16/2025', 20, 174
)
INSERT INTO OC_MEDICINE (MED_ID, MED_NAME, MED_POTENCY, "DESC", MGF_DATE, EXP_DATE, QUANTITY, PRICE) VALUES (1120075, 'ROXICET', '62 MG', 'OXYCODONE HCL/ACETAMINOPHEN', '3/16/2020', '3/17/2025', 20, 175
)
INSERT INTO OC_MEDICINE (MED_ID, MED_NAME, MED_POTENCY, "DESC", MGF_DATE, EXP_DATE, QUANTITY, PRICE) VALUES (1120076, 'ROXICODONE', '63 MG', 'OXYCODONE HCL', '3/17/2020', '3/18/2025', 20, 176
)
INSERT INTO OC_MEDICINE (MED_ID, MED_NAME, MED_POTENCY, "DESC", MGF_DATE, EXP_DATE, QUANTITY, PRICE) VALUES (1120077, 'RYBIX ODT', '64 MG', 'OXYMORPHONE HCL', '3/18/2020', '3/19/2025', 20, 177
)
INSERT INTO OC_MEDICINE (MED_ID, MED_NAME, MED_POTENCY, "DESC", MGF_DATE, EXP_DATE, QUANTITY, PRICE) VALUES (1120078, 'STAGESIC', '65 MG', 'OXYMORPHONE HCL', '3/19/2020', '3/20/2025', 20, 178
)
INSERT INTO OC_MEDICINE (MED_ID, MED_NAME, MED_POTENCY, "DESC", MGF_DATE, EXP_DATE, QUANTITY, PRICE) VALUES (1120079, 'SUBSYS', '66 MG', 'PENTAZOCINE HCL/ACETAMINOPHEN', '3/20/2020', '3/21/2025', 20, 179
)
INSERT INTO OC_MEDICINE (MED_ID, MED_NAME, MED_POTENCY, "DESC", MGF_DATE, EXP_DATE, QUANTITY, PRICE) VALUES (1120080, 'SYNALGOS-DC', '67 MG', 'PENTAZOCINE HCL/NALOXONE HCL', '3/21/2020', '3/22/2025', 20, 180
)
INSERT INTO OC_MEDICINE (MED_ID, MED_NAME, MED_POTENCY, "DESC", MGF_DATE, EXP_DATE, QUANTITY, PRICE) VALUES (1120081, 'TALWIN', '68 MG', 'OXYCODONE HCL/ACETAMINOPHEN', '3/22/2020', '3/23/2025', 20, 181
)
INSERT INTO OC_MEDICINE (MED_ID, MED_NAME, MED_POTENCY, "DESC", MGF_DATE, EXP_DATE, QUANTITY, PRICE) VALUES (1120082, 'TRAMADOL HCL', '69 MG', 'OXYCODONE HCL/ASPIRIN', '3/23/2020', '3/24/2025', 20, 182
)
INSERT INTO OC_MEDICINE (MED_ID, MED_NAME, MED_POTENCY, "DESC", MGF_DATE, EXP_DATE, QUANTITY, PRICE) VALUES (1120083, 'TRAMADOL HCL ER', '70 MG', 'OXYCODONE HCL/ACETAMINOPHEN', '3/24/2020', '3/25/2025', 20, 183
)
INSERT INTO OC_MEDICINE (MED_ID, MED_NAME, MED_POTENCY, "DESC", MGF_DATE, EXP_DATE, QUANTITY, PRICE) VALUES (1120084, 'TRAMADOL HCL-ACETAMINOPHEN', '1 MG', 'HYDROCODONE/IBUPROFEN', '3/25/2020', '3/26/2025', 20, 184
)
INSERT INTO OC_MEDICINE (MED_ID, MED_NAME, MED_POTENCY, "DESC", MGF_DATE, EXP_DATE, QUANTITY, PRICE) VALUES (1120085, 'TREZIX', '2 MG', 'OXYCODONE HCL/ACETAMINOPHEN', '3/26/2020', '3/27/2025', 20, 185
)
INSERT INTO OC_MEDICINE (MED_ID, MED_NAME, MED_POTENCY, "DESC", MGF_DATE, EXP_DATE, QUANTITY, PRICE) VALUES (1120086, 'TYLENOL-CODEINE NO.3', '3 MG', 'OXYCODONE HCL', '3/27/2020', '3/28/2025', 20, 186
)
INSERT INTO OC_MEDICINE (MED_ID, MED_NAME, MED_POTENCY, "DESC", MGF_DATE, EXP_DATE, QUANTITY, PRICE) VALUES (1120087, 'TYLENOL-CODEINE NO.4', '4 MG', 'TRAMADOL HCL', '3/28/2020', '3/29/2025', 20, 187
)
INSERT INTO OC_MEDICINE (MED_ID, MED_NAME, MED_POTENCY, "DESC", MGF_DATE, EXP_DATE, QUANTITY, PRICE) VALUES (1120088, 'ULTRACET', '5 MG', 'HYDROCODONE/ACETAMINOPHEN', '3/29/2020', '3/30/2025', 20, 188
)
INSERT INTO OC_MEDICINE (MED_ID, MED_NAME, MED_POTENCY, "DESC", MGF_DATE, EXP_DATE, QUANTITY, PRICE) VALUES (1120089, 'ULTRAM', '6 MG', 'FENTANYL', '3/30/2020', '3/31/2025', 20, 189
)
INSERT INTO OC_MEDICINE (MED_ID, MED_NAME, MED_POTENCY, "DESC", MGF_DATE, EXP_DATE, QUANTITY, PRICE) VALUES (1120090, 'ULTRAM ER', '7 MG', 'DIHYDROCODEINE/ASPIRIN/CAFFEIN', '3/31/2020', '4/1/2025', 20, 190
)
INSERT INTO OC_MEDICINE (MED_ID, MED_NAME, MED_POTENCY, "DESC", MGF_DATE, EXP_DATE, QUANTITY, PRICE) VALUES (1120091, 'VICODIN', '8 MG', 'PENTAZOCINE LACTATE', '4/1/2020', '4/2/2025', 20, 191
)
INSERT INTO OC_MEDICINE (MED_ID, MED_NAME, MED_POTENCY, "DESC", MGF_DATE, EXP_DATE, QUANTITY, PRICE) VALUES (1120092, 'VICODIN ES', '9 MG', 'TRAMADOL HCL', '4/2/2020', '4/3/2025', 20, 192
)
INSERT INTO OC_MEDICINE (MED_ID, MED_NAME, MED_POTENCY, "DESC", MGF_DATE, EXP_DATE, QUANTITY, PRICE) VALUES (1120093, 'VICODIN HP', '10 MG', 'TRAMADOL HCL', '4/3/2020', '4/4/2025', 20, 193
)
INSERT INTO OC_MEDICINE (MED_ID, MED_NAME, MED_POTENCY, "DESC", MGF_DATE, EXP_DATE, QUANTITY, PRICE) VALUES (1120094, 'VICOPROFEN', '11 MG', 'TRAMADOL HCL/ACETAMINOPHEN', '4/4/2020', '4/5/2025', 20, 194
)
INSERT INTO OC_MEDICINE (MED_ID, MED_NAME, MED_POTENCY, "DESC", MGF_DATE, EXP_DATE, QUANTITY, PRICE) VALUES (1120095, 'XARTEMIS XR', '12 MG', 'DHCODEINE BT/ACETAMINOPHN/CAFF', '4/5/2020', '4/6/2025', 20, 195
)
INSERT INTO OC_MEDICINE (MED_ID, MED_NAME, MED_POTENCY, "DESC", MGF_DATE, EXP_DATE, QUANTITY, PRICE) VALUES (1120096, 'XODOL 10-300', '13 MG', 'ACETAMINOPHEN WITH CODEINE', '4/6/2020', '4/7/2025', 20, 196
)
INSERT INTO OC_MEDICINE (MED_ID, MED_NAME, MED_POTENCY, "DESC", MGF_DATE, EXP_DATE, QUANTITY, PRICE) VALUES (1120097, 'XODOL 5-300', '14 MG', 'ACETAMINOPHEN WITH CODEINE', '4/7/2020', '4/8/2025', 20, 197
)
INSERT INTO OC_MEDICINE (MED_ID, MED_NAME, MED_POTENCY, "DESC", MGF_DATE, EXP_DATE, QUANTITY, PRICE) VALUES (1120098, 'XODOL 7.5-300', '15 MG', 'HYDROCODONE/ACETAMINOPHEN', '4/8/2020', '4/9/2025', 20, 198
)


/*OC_MEDICINE_HISTORY DATA ENTERIES*/
INSERT INTO OC_MEDICINE_HISTORY (SR_NO, MED_ID, MED_NAME, MED_POTENCY, "DESC", MGF_DATE, EXP_DATE, QUANTITY, PRICE) VALUES (1, 1120000, 'ABSTRAL', '4 MG', 'FENTANYL CITRATE', '1/1/2020', '1/1/2025', 20, 100
)
INSERT INTO OC_MEDICINE_HISTORY (SR_NO, MED_ID, MED_NAME, MED_POTENCY, "DESC", MGF_DATE, EXP_DATE, QUANTITY, PRICE) VALUES (2, 1120000, 'ABSTRAL', '2 MG', 'FENTANYL CITRATE', '1/1/2020', '1/1/2025', 20, 100
)
INSERT INTO OC_MEDICINE_HISTORY (SR_NO, MED_ID, MED_NAME, MED_POTENCY, "DESC", MGF_DATE, EXP_DATE, QUANTITY, PRICE) VALUES (1, 1120001, 'ACETAMINOPHEN-CODEINE', '3 MG', 'ACETAMINOPHEN WITH CODEINE', '1/2/2020', '1/2/2025', 20, 101
)
INSERT INTO OC_MEDICINE_HISTORY (SR_NO, MED_ID, MED_NAME, MED_POTENCY, "DESC", MGF_DATE, EXP_DATE, QUANTITY, PRICE) VALUES (1, 1120002, 'ACTIQ', '4 MG', 'FENTANYL CITRATE', '1/3/2020', '1/3/2025', 20, 102
)
INSERT INTO OC_MEDICINE_HISTORY (SR_NO, MED_ID, MED_NAME, MED_POTENCY, "DESC", MGF_DATE, EXP_DATE, QUANTITY, PRICE) VALUES (1, 1120003, 'ASCOMP WITH CODEINE', '5 MG', 'CODEINE/BUTALBITAL/ASA/CAFFEIN', '1/4/2020', '1/4/2025', 20, 103
)
INSERT INTO OC_MEDICINE_HISTORY (SR_NO, MED_ID, MED_NAME, MED_POTENCY, "DESC", MGF_DATE, EXP_DATE, QUANTITY, PRICE) VALUES (1, 1120004, 'ASPIRIN-CAFFEINE-DIHYDROCODEIN', '6 MG', 'DIHYDROCODEINE/ASPIRIN/CAFFEIN', '1/5/2020', '1/5/2025', 20, 104
)
INSERT INTO OC_MEDICINE_HISTORY (SR_NO, MED_ID, MED_NAME, MED_POTENCY, "DESC", MGF_DATE, EXP_DATE, QUANTITY, PRICE) VALUES (1, 1120005, 'AVINZA', '7 MG', 'MORPHINE SULFATE', '1/6/2020', '1/6/2025', 20, 105
)
INSERT INTO OC_MEDICINE_HISTORY (SR_NO, MED_ID, MED_NAME, MED_POTENCY, "DESC", MGF_DATE, EXP_DATE, QUANTITY, PRICE) VALUES (1, 1120006, 'BELLADONNA-OPIUM', '8 MG', 'OPIUM/BELLADONNA ALKALOIDS', '1/7/2020', '1/7/2025', 20, 106
)
INSERT INTO OC_MEDICINE_HISTORY (SR_NO, MED_ID, MED_NAME, MED_POTENCY, "DESC", MGF_DATE, EXP_DATE, QUANTITY, PRICE) VALUES (1, 1120007, 'BUPRENORPHINE HCL', '9 MG', 'BUPRENORPHINE HCL', '1/8/2020', '1/8/2025', 20, 107
)
INSERT INTO OC_MEDICINE_HISTORY (SR_NO, MED_ID, MED_NAME, MED_POTENCY, "DESC", MGF_DATE, EXP_DATE, QUANTITY, PRICE) VALUES (1, 1120008, 'BUTALB-ACETAMINOPH-CAFF-CODEIN', '10 MG', 'BUTALBIT/ACETAMIN/CAFF/CODEINE', '1/9/2020', '1/9/2025', 20, 108
)
INSERT INTO OC_MEDICINE_HISTORY (SR_NO, MED_ID, MED_NAME, MED_POTENCY, "DESC", MGF_DATE, EXP_DATE, QUANTITY, PRICE) VALUES (1, 1120009, 'BUTALB-CAFF-ACETAMINOPH-CODEIN', '11 MG', 'BUTALBIT/ACETAMIN/CAFF/CODEINE', '1/10/2020', '1/10/2025', 20, 109
)
INSERT INTO OC_MEDICINE_HISTORY (SR_NO, MED_ID, MED_NAME, MED_POTENCY, "DESC", MGF_DATE, EXP_DATE, QUANTITY, PRICE) VALUES (1, 1120010, 'BUTALBITAL COMPOUND-CODEINE', '12 MG', 'CODEINE/BUTALBITAL/ASA/CAFFEIN', '1/11/2020', '1/11/2025', 20, 110
)
INSERT INTO OC_MEDICINE_HISTORY (SR_NO, MED_ID, MED_NAME, MED_POTENCY, "DESC", MGF_DATE, EXP_DATE, QUANTITY, PRICE) VALUES (1, 1120011, 'BUTORPHANOL TARTRATE', '13 MG', 'BUTORPHANOL TARTRATE', '1/12/2020', '1/12/2025', 20, 111
)
INSERT INTO OC_MEDICINE_HISTORY (SR_NO, MED_ID, MED_NAME, MED_POTENCY, "DESC", MGF_DATE, EXP_DATE, QUANTITY, PRICE) VALUES (1, 1120012, 'BUTRANS', '14 MG', 'BUPRENORPHINE', '1/13/2020', '1/13/2025', 20, 112
)
INSERT INTO OC_MEDICINE_HISTORY (SR_NO, MED_ID, MED_NAME, MED_POTENCY, "DESC", MGF_DATE, EXP_DATE, QUANTITY, PRICE) VALUES (1, 1120013, 'CAPITAL W-CODEINE', '15 MG', 'ACETAMINOPHEN WITH CODEINE', '1/14/2020', '1/14/2025', 20, 113
)
INSERT INTO OC_MEDICINE_HISTORY (SR_NO, MED_ID, MED_NAME, MED_POTENCY, "DESC", MGF_DATE, EXP_DATE, QUANTITY, PRICE) VALUES (1, 1120014, 'CARISOPRODOL COMPOUND-CODEINE', '1 MG', 'CODEINE/CARISOPRODOL/ASPIRIN', '1/15/2020', '1/15/2025', 20, 114
)
INSERT INTO OC_MEDICINE_HISTORY (SR_NO, MED_ID, MED_NAME, MED_POTENCY, "DESC", MGF_DATE, EXP_DATE, QUANTITY, PRICE) VALUES (1, 1120015, 'CARISOPRODOL-ASPIRIN-CODEINE', '2 MG', 'CODEINE/CARISOPRODOL/ASPIRIN', '1/16/2020', '1/16/2025', 20, 115
)
INSERT INTO OC_MEDICINE_HISTORY (SR_NO, MED_ID, MED_NAME, MED_POTENCY, "DESC", MGF_DATE, EXP_DATE, QUANTITY, PRICE) VALUES (1, 1120016, 'CODEINE SULFATE', '3 MG', 'CODEINE SULFATE', '1/17/2020', '1/17/2025', 20, 116
)
INSERT INTO OC_MEDICINE_HISTORY (SR_NO, MED_ID, MED_NAME, MED_POTENCY, "DESC", MGF_DATE, EXP_DATE, QUANTITY, PRICE) VALUES (1, 1120017, 'CO-GESIC', '4 MG', 'HYDROCODONE/ACETAMINOPHEN', '1/18/2020', '1/18/2025', 20, 117
)
INSERT INTO OC_MEDICINE_HISTORY (SR_NO, MED_ID, MED_NAME, MED_POTENCY, "DESC", MGF_DATE, EXP_DATE, QUANTITY, PRICE) VALUES (1, 1120018, 'CONZIP', '5 MG', 'TRAMADOL HCL', '1/19/2020', '1/19/2025', 20, 118
)
INSERT INTO OC_MEDICINE_HISTORY (SR_NO, MED_ID, MED_NAME, MED_POTENCY, "DESC", MGF_DATE, EXP_DATE, QUANTITY, PRICE) VALUES (1, 1120019, 'DEMEROL', '6 MG', 'MEPERIDINE HCL', '1/20/2020', '1/20/2025', 20, 119
)
INSERT INTO OC_MEDICINE_HISTORY (SR_NO, MED_ID, MED_NAME, MED_POTENCY, "DESC", MGF_DATE, EXP_DATE, QUANTITY, PRICE) VALUES (1, 1120020, 'DILAUDID', '7 MG', 'MEPERIDINE HCL/PF', '1/21/2020', '1/21/2025', 20, 120
)
INSERT INTO OC_MEDICINE_HISTORY (SR_NO, MED_ID, MED_NAME, MED_POTENCY, "DESC", MGF_DATE, EXP_DATE, QUANTITY, PRICE) VALUES (1, 1120021, 'DILAUDID-HP', '8 MG', 'HYDROMORPHONE HCL', '1/22/2020', '1/22/2025', 20, 121
)
INSERT INTO OC_MEDICINE_HISTORY (SR_NO, MED_ID, MED_NAME, MED_POTENCY, "DESC", MGF_DATE, EXP_DATE, QUANTITY, PRICE) VALUES (1, 1120022, 'DISKETS', '9 MG', 'HYDROMORPHONE HCL/PF', '1/23/2020', '1/23/2025', 20, 122
)
INSERT INTO OC_MEDICINE_HISTORY (SR_NO, MED_ID, MED_NAME, MED_POTENCY, "DESC", MGF_DATE, EXP_DATE, QUANTITY, PRICE) VALUES (1, 1120023, 'DOLOPHINE HCL', '10 MG', 'HYDROMORPHONE HCL/PF', '1/24/2020', '1/24/2025', 20, 123
)
INSERT INTO OC_MEDICINE_HISTORY (SR_NO, MED_ID, MED_NAME, MED_POTENCY, "DESC", MGF_DATE, EXP_DATE, QUANTITY, PRICE) VALUES (1, 1120024, 'DURAGESIC', '11 MG', 'METHADONE HCL', '1/25/2020', '1/25/2025', 20, 124
)
INSERT INTO OC_MEDICINE_HISTORY (SR_NO, MED_ID, MED_NAME, MED_POTENCY, "DESC", MGF_DATE, EXP_DATE, QUANTITY, PRICE) VALUES (1, 1120025, 'DURAMORPH', '12 MG', 'METHADONE HCL', '1/26/2020', '1/26/2025', 20, 125
)
INSERT INTO OC_MEDICINE_HISTORY (SR_NO, MED_ID, MED_NAME, MED_POTENCY, "DESC", MGF_DATE, EXP_DATE, QUANTITY, PRICE) VALUES (1, 1120026, 'ENDOCET', '13 MG', 'FENTANYL', '1/27/2020', '1/27/2025', 20, 126
)
INSERT INTO OC_MEDICINE_HISTORY (SR_NO, MED_ID, MED_NAME, MED_POTENCY, "DESC", MGF_DATE, EXP_DATE, QUANTITY, PRICE) VALUES (1, 1120027, 'ENDODAN', '14 MG', 'MORPHINE SULFATE/PF', '1/28/2020', '1/28/2025', 20, 127
)
INSERT INTO OC_MEDICINE_HISTORY (SR_NO, MED_ID, MED_NAME, MED_POTENCY, "DESC", MGF_DATE, EXP_DATE, QUANTITY, PRICE) VALUES (1, 1120028, 'EXALGO', '15 MG', 'OXYCODONE HCL/ACETAMINOPHEN', '1/29/2020', '1/29/2025', 20, 128
)
INSERT INTO OC_MEDICINE_HISTORY (SR_NO, MED_ID, MED_NAME, MED_POTENCY, "DESC", MGF_DATE, EXP_DATE, QUANTITY, PRICE) VALUES (1, 1120029, 'FENTANYL', '16 MG', 'OXYCODONE HCL/ASPIRIN', '1/30/2020', '1/30/2025', 20, 129
)
INSERT INTO OC_MEDICINE_HISTORY (SR_NO, MED_ID, MED_NAME, MED_POTENCY, "DESC", MGF_DATE, EXP_DATE, QUANTITY, PRICE) VALUES (1, 1120030, 'FENTANYL CITRATE', '17 MG', 'HYDROMORPHONE HCL', '1/31/2020', '1/31/2025', 20, 130
)
INSERT INTO OC_MEDICINE_HISTORY (SR_NO, MED_ID, MED_NAME, MED_POTENCY, "DESC", MGF_DATE, EXP_DATE, QUANTITY, PRICE) VALUES (1, 1120031, 'FENTORA', '18 MG', 'FENTANYL', '2/1/2020', '2/1/2025', 20, 131
)
INSERT INTO OC_MEDICINE_HISTORY (SR_NO, MED_ID, MED_NAME, MED_POTENCY, "DESC", MGF_DATE, EXP_DATE, QUANTITY, PRICE) VALUES (1, 1120032, 'FIORICET WITH CODEINE', '19 MG', 'FENTANYL CITRATE', '2/2/2020', '2/2/2025', 20, 132
)
INSERT INTO OC_MEDICINE_HISTORY (SR_NO, MED_ID, MED_NAME, MED_POTENCY, "DESC", MGF_DATE, EXP_DATE, QUANTITY, PRICE) VALUES (1, 1120033, 'FIORINAL WITH CODEINE #3', '20 MG', 'FENTANYL CITRATE', '2/3/2020', '2/3/2025', 20, 133
)
INSERT INTO OC_MEDICINE_HISTORY (SR_NO, MED_ID, MED_NAME, MED_POTENCY, "DESC", MGF_DATE, EXP_DATE, QUANTITY, PRICE) VALUES (1, 1120034, 'HYCET', '21 MG', 'BUTALBIT/ACETAMIN/CAFF/CODEINE', '2/4/2020', '2/4/2025', 20, 134
)
INSERT INTO OC_MEDICINE_HISTORY (SR_NO, MED_ID, MED_NAME, MED_POTENCY, "DESC", MGF_DATE, EXP_DATE, QUANTITY, PRICE) VALUES (1, 1120035, 'HYDROCODONE-ACETAMINOPHEN', '22 MG', 'CODEINE/BUTALBITAL/ASA/CAFFEIN', '2/5/2020', '2/5/2025', 20, 135
)
INSERT INTO OC_MEDICINE_HISTORY (SR_NO, MED_ID, MED_NAME, MED_POTENCY, "DESC", MGF_DATE, EXP_DATE, QUANTITY, PRICE) VALUES (1, 1120036, 'HYDROCODONE-IBUPROFEN', '23 MG', 'HYDROCODONE/ACETAMINOPHEN', '2/6/2020', '2/6/2025', 20, 136
)
INSERT INTO OC_MEDICINE_HISTORY (SR_NO, MED_ID, MED_NAME, MED_POTENCY, "DESC", MGF_DATE, EXP_DATE, QUANTITY, PRICE) VALUES (1, 1120037, 'HYDROMORPHONE ER', '24 MG', 'HYDROCODONE/ACETAMINOPHEN', '2/7/2020', '2/7/2025', 20, 137
)
INSERT INTO OC_MEDICINE_HISTORY (SR_NO, MED_ID, MED_NAME, MED_POTENCY, "DESC", MGF_DATE, EXP_DATE, QUANTITY, PRICE) VALUES (1, 1120038, 'HYDROMORPHONE HCL', '25 MG', 'HYDROCODONE/IBUPROFEN', '2/8/2020', '2/8/2025', 20, 138
)
INSERT INTO OC_MEDICINE_HISTORY (SR_NO, MED_ID, MED_NAME, MED_POTENCY, "DESC", MGF_DATE, EXP_DATE, QUANTITY, PRICE) VALUES (1, 1120039, 'IBUDONE', '26 MG', 'HYDROMORPHONE HCL', '2/9/2020', '2/9/2025', 20, 139
)
INSERT INTO OC_MEDICINE_HISTORY (SR_NO, MED_ID, MED_NAME, MED_POTENCY, "DESC", MGF_DATE, EXP_DATE, QUANTITY, PRICE) VALUES (1, 1120040, 'INFUMORPH', '27 MG', 'HYDROMORPHONE HCL', '2/10/2020', '2/10/2025', 20, 140
)
INSERT INTO OC_MEDICINE_HISTORY (SR_NO, MED_ID, MED_NAME, MED_POTENCY, "DESC", MGF_DATE, EXP_DATE, QUANTITY, PRICE) VALUES (1, 1120041, 'KADIAN', '28 MG', 'HYDROMORPHONE HCL/PF', '2/11/2020', '2/11/2025', 20, 141
)
INSERT INTO OC_MEDICINE_HISTORY (SR_NO, MED_ID, MED_NAME, MED_POTENCY, "DESC", MGF_DATE, EXP_DATE, QUANTITY, PRICE) VALUES (1, 1120042, 'LAZANDA', '29 MG', 'HYDROCODONE/IBUPROFEN', '2/12/2020', '2/12/2025', 20, 142
)
INSERT INTO OC_MEDICINE_HISTORY (SR_NO, MED_ID, MED_NAME, MED_POTENCY, "DESC", MGF_DATE, EXP_DATE, QUANTITY, PRICE) VALUES (1, 1120043, 'LEVORPHANOL TARTRATE', '30 MG', 'MORPHINE SULFATE/PF', '2/13/2020', '2/13/2025', 20, 143
)
INSERT INTO OC_MEDICINE_HISTORY (SR_NO, MED_ID, MED_NAME, MED_POTENCY, "DESC", MGF_DATE, EXP_DATE, QUANTITY, PRICE) VALUES (1, 1120044, 'LORCET', '31 MG', 'MORPHINE SULFATE', '2/14/2020', '2/14/2025', 20, 144
)
INSERT INTO OC_MEDICINE_HISTORY (SR_NO, MED_ID, MED_NAME, MED_POTENCY, "DESC", MGF_DATE, EXP_DATE, QUANTITY, PRICE) VALUES (1, 1120045, 'LORCET 10-650', '32 MG', 'FENTANYL CITRATE', '2/15/2020', '2/15/2025', 20, 145
)
INSERT INTO OC_MEDICINE_HISTORY (SR_NO, MED_ID, MED_NAME, MED_POTENCY, "DESC", MGF_DATE, EXP_DATE, QUANTITY, PRICE) VALUES (1, 1120046, 'LORCET HD', '33 MG', 'LEVORPHANOL TARTRATE', '2/16/2020', '2/16/2025', 20, 146
)
INSERT INTO OC_MEDICINE_HISTORY (SR_NO, MED_ID, MED_NAME, MED_POTENCY, "DESC", MGF_DATE, EXP_DATE, QUANTITY, PRICE) VALUES (1, 1120047, 'LORCET PLUS', '34 MG', 'HYDROCODONE/ACETAMINOPHEN', '2/17/2020', '2/17/2025', 20, 147
)
INSERT INTO OC_MEDICINE_HISTORY (SR_NO, MED_ID, MED_NAME, MED_POTENCY, "DESC", MGF_DATE, EXP_DATE, QUANTITY, PRICE) VALUES (1, 1120048, 'LORTAB', '35 MG', 'HYDROCODONE/ACETAMINOPHEN', '2/18/2020', '2/18/2025', 20, 148
)
INSERT INTO OC_MEDICINE_HISTORY (SR_NO, MED_ID, MED_NAME, MED_POTENCY, "DESC", MGF_DATE, EXP_DATE, QUANTITY, PRICE) VALUES (1, 1120049, 'MAGNACET', '36 MG', 'HYDROCODONE/ACETAMINOPHEN', '2/19/2020', '2/19/2025', 20, 149
)
INSERT INTO OC_MEDICINE_HISTORY (SR_NO, MED_ID, MED_NAME, MED_POTENCY, "DESC", MGF_DATE, EXP_DATE, QUANTITY, PRICE) VALUES (1, 1120050, 'MEPERIDINE HCL', '37 MG', 'HYDROCODONE/ACETAMINOPHEN', '2/20/2020', '2/20/2025', 20, 150
)
INSERT INTO OC_MEDICINE_HISTORY (SR_NO, MED_ID, MED_NAME, MED_POTENCY, "DESC", MGF_DATE, EXP_DATE, QUANTITY, PRICE) VALUES (1, 1120051, 'MORPHINE SULFATE ER', '38 MG', 'HYDROCODONE/ACETAMINOPHEN', '2/21/2020', '2/21/2025', 20, 151
)
INSERT INTO OC_MEDICINE_HISTORY (SR_NO, MED_ID, MED_NAME, MED_POTENCY, "DESC", MGF_DATE, EXP_DATE, QUANTITY, PRICE) VALUES (1, 1120052, 'MS CONTIN', '39 MG', 'OXYCODONE HCL/ACETAMINOPHEN', '2/22/2020', '2/22/2025', 20, 152
)
INSERT INTO OC_MEDICINE_HISTORY (SR_NO, MED_ID, MED_NAME, MED_POTENCY, "DESC", MGF_DATE, EXP_DATE, QUANTITY, PRICE) VALUES (1, 1120053, 'NALBUPHINE HCL', '40 MG', 'MEPERIDINE HCL', '2/23/2020', '2/23/2025', 20, 153
)
INSERT INTO OC_MEDICINE_HISTORY (SR_NO, MED_ID, MED_NAME, MED_POTENCY, "DESC", MGF_DATE, EXP_DATE, QUANTITY, PRICE) VALUES (1, 1120054, 'NORCO', '41 MG', 'MEPERIDINE HCL/PF', '2/24/2020', '2/24/2025', 20, 154
)
INSERT INTO OC_MEDICINE_HISTORY (SR_NO, MED_ID, MED_NAME, MED_POTENCY, "DESC", MGF_DATE, EXP_DATE, QUANTITY, PRICE) VALUES (1, 1120055, 'NUCYNTA', '42 MG', 'MEPERIDINE HCL', '2/25/2020', '2/25/2025', 20, 155
)
INSERT INTO OC_MEDICINE_HISTORY (SR_NO, MED_ID, MED_NAME, MED_POTENCY, "DESC", MGF_DATE, EXP_DATE, QUANTITY, PRICE) VALUES (1, 1120056, 'NUCYNTA ER', '43 MG', 'METHADONE HCL', '2/26/2020', '2/26/2025', 20, 156
)
INSERT INTO OC_MEDICINE_HISTORY (SR_NO, MED_ID, MED_NAME, MED_POTENCY, "DESC", MGF_DATE, EXP_DATE, QUANTITY, PRICE) VALUES (1, 1120057, 'OPANA', '44 MG', 'METHADONE HCL', '2/27/2020', '2/27/2025', 20, 157
)
INSERT INTO OC_MEDICINE_HISTORY (SR_NO, MED_ID, MED_NAME, MED_POTENCY, "DESC", MGF_DATE, EXP_DATE, QUANTITY, PRICE) VALUES (1, 1120058, 'OPANA ER', '45 MG', 'METHADONE HCL', '2/28/2020', '2/28/2025', 20, 158
)
INSERT INTO OC_MEDICINE_HISTORY (SR_NO, MED_ID, MED_NAME, MED_POTENCY, "DESC", MGF_DATE, EXP_DATE, QUANTITY, PRICE) VALUES (1, 1120059, 'OPIUM TINCTURE', '46 MG', 'MORPHINE SULFATE', '2/29/2020', '3/1/2025', 20, 159
)
INSERT INTO OC_MEDICINE_HISTORY (SR_NO, MED_ID, MED_NAME, MED_POTENCY, "DESC", MGF_DATE, EXP_DATE, QUANTITY, PRICE) VALUES (1, 1120060, 'OXECTA', '47 MG', 'MORPHINE SULFATE/PF', '3/1/2020', '3/2/2025', 20, 160
)
INSERT INTO OC_MEDICINE_HISTORY (SR_NO, MED_ID, MED_NAME, MED_POTENCY, "DESC", MGF_DATE, EXP_DATE, QUANTITY, PRICE) VALUES (1, 1120061, 'OXYCODONE HCL', '48 MG', 'MORPHINE SULFATE', '3/2/2020', '3/3/2025', 20, 161
)
INSERT INTO OC_MEDICINE_HISTORY (SR_NO, MED_ID, MED_NAME, MED_POTENCY, "DESC", MGF_DATE, EXP_DATE, QUANTITY, PRICE) VALUES (1, 1120062, 'OXYCODONE HCL ER', '49 MG', 'MORPHINE SULFATE', '3/3/2020', '3/4/2025', 20, 162
)
INSERT INTO OC_MEDICINE_HISTORY (SR_NO, MED_ID, MED_NAME, MED_POTENCY, "DESC", MGF_DATE, EXP_DATE, QUANTITY, PRICE) VALUES (1, 1120063, 'OXYCODONE HCL-ASPIRIN', '50 MG', 'NALBUPHINE HCL', '3/4/2020', '3/5/2025', 20, 163
)
INSERT INTO OC_MEDICINE_HISTORY (SR_NO, MED_ID, MED_NAME, MED_POTENCY, "DESC", MGF_DATE, EXP_DATE, QUANTITY, PRICE) VALUES (1, 1120064, 'OXYCODONE HCL-IBUPROFEN', '51 MG', 'HYDROCODONE/ACETAMINOPHEN', '3/5/2020', '3/6/2025', 20, 164
)
INSERT INTO OC_MEDICINE_HISTORY (SR_NO, MED_ID, MED_NAME, MED_POTENCY, "DESC", MGF_DATE, EXP_DATE, QUANTITY, PRICE) VALUES (1, 1120065, 'OXYCODONE-ACETAMINOPHEN', '52 MG', 'TAPENTADOL HCL', '3/6/2020', '3/7/2025', 20, 165
)
INSERT INTO OC_MEDICINE_HISTORY (SR_NO, MED_ID, MED_NAME, MED_POTENCY, "DESC", MGF_DATE, EXP_DATE, QUANTITY, PRICE) VALUES (1, 1120066, 'OXYCONTIN', '53 MG', 'TAPENTADOL HCL', '3/7/2020', '3/8/2025', 20, 166
)
INSERT INTO OC_MEDICINE_HISTORY (SR_NO, MED_ID, MED_NAME, MED_POTENCY, "DESC", MGF_DATE, EXP_DATE, QUANTITY, PRICE) VALUES (1, 1120067, 'OXYMORPHONE HCL', '54 MG', 'OXYMORPHONE HCL', '3/8/2020', '3/9/2025', 20, 167
)
INSERT INTO OC_MEDICINE_HISTORY (SR_NO, MED_ID, MED_NAME, MED_POTENCY, "DESC", MGF_DATE, EXP_DATE, QUANTITY, PRICE) VALUES (1, 1120068, 'OXYMORPHONE HCL ER', '55 MG', 'OXYMORPHONE HCL', '3/9/2020', '3/10/2025', 20, 168
)
INSERT INTO OC_MEDICINE_HISTORY (SR_NO, MED_ID, MED_NAME, MED_POTENCY, "DESC", MGF_DATE, EXP_DATE, QUANTITY, PRICE) VALUES (1, 1120069, 'PENTAZOCINE-ACETAMINOPHEN', '56 MG', 'OPIUM TINCTURE', '3/10/2020', '3/11/2025', 20, 169
)
INSERT INTO OC_MEDICINE_HISTORY (SR_NO, MED_ID, MED_NAME, MED_POTENCY, "DESC", MGF_DATE, EXP_DATE, QUANTITY, PRICE) VALUES (1, 1120070, 'PENTAZOCINE-NALOXONE HCL', '57 MG', 'OXYCODONE HCL', '3/11/2020', '3/12/2025', 20, 170
)
INSERT INTO OC_MEDICINE_HISTORY (SR_NO, MED_ID, MED_NAME, MED_POTENCY, "DESC", MGF_DATE, EXP_DATE, QUANTITY, PRICE) VALUES (1, 1120071, 'PERCOCET', '58 MG', 'OXYCODONE HCL', '3/12/2020', '3/13/2025', 20, 171
)
INSERT INTO OC_MEDICINE_HISTORY (SR_NO, MED_ID, MED_NAME, MED_POTENCY, "DESC", MGF_DATE, EXP_DATE, QUANTITY, PRICE) VALUES (1, 1120072, 'PERCODAN', '59 MG', 'OXYCODONE HCL', '3/13/2020', '3/14/2025', 20, 172
)
INSERT INTO OC_MEDICINE_HISTORY (SR_NO, MED_ID, MED_NAME, MED_POTENCY, "DESC", MGF_DATE, EXP_DATE, QUANTITY, PRICE) VALUES (1, 1120073, 'PRIMLEV', '60 MG', 'OXYCODONE HCL/ASPIRIN', '3/14/2020', '3/15/2025', 20, 173
)
INSERT INTO OC_MEDICINE_HISTORY (SR_NO, MED_ID, MED_NAME, MED_POTENCY, "DESC", MGF_DATE, EXP_DATE, QUANTITY, PRICE) VALUES (1, 1120074, 'REPREXAIN', '61 MG', 'IBUPROFEN/OXYCODONE HCL', '3/15/2020', '3/16/2025', 20, 174
)
INSERT INTO OC_MEDICINE_HISTORY (SR_NO, MED_ID, MED_NAME, MED_POTENCY, "DESC", MGF_DATE, EXP_DATE, QUANTITY, PRICE) VALUES (1, 1120075, 'ROXICET', '62 MG', 'OXYCODONE HCL/ACETAMINOPHEN', '3/16/2020', '3/17/2025', 20, 175
)
INSERT INTO OC_MEDICINE_HISTORY (SR_NO, MED_ID, MED_NAME, MED_POTENCY, "DESC", MGF_DATE, EXP_DATE, QUANTITY, PRICE) VALUES (1, 1120076, 'ROXICODONE', '63 MG', 'OXYCODONE HCL', '3/17/2020', '3/18/2025', 20, 176
)
INSERT INTO OC_MEDICINE_HISTORY (SR_NO, MED_ID, MED_NAME, MED_POTENCY, "DESC", MGF_DATE, EXP_DATE, QUANTITY, PRICE) VALUES (1, 1120077, 'RYBIX ODT', '64 MG', 'OXYMORPHONE HCL', '3/18/2020', '3/19/2025', 20, 177
)
INSERT INTO OC_MEDICINE_HISTORY (SR_NO, MED_ID, MED_NAME, MED_POTENCY, "DESC", MGF_DATE, EXP_DATE, QUANTITY, PRICE) VALUES (1, 1120078, 'STAGESIC', '65 MG', 'OXYMORPHONE HCL', '3/19/2020', '3/20/2025', 20, 178
)
INSERT INTO OC_MEDICINE_HISTORY (SR_NO, MED_ID, MED_NAME, MED_POTENCY, "DESC", MGF_DATE, EXP_DATE, QUANTITY, PRICE) VALUES (1, 1120079, 'SUBSYS', '66 MG', 'PENTAZOCINE HCL/ACETAMINOPHEN', '3/20/2020', '3/21/2025', 20, 179
)
INSERT INTO OC_MEDICINE_HISTORY (SR_NO, MED_ID, MED_NAME, MED_POTENCY, "DESC", MGF_DATE, EXP_DATE, QUANTITY, PRICE) VALUES (1, 1120080, 'SYNALGOS-DC', '67 MG', 'PENTAZOCINE HCL/NALOXONE HCL', '3/21/2020', '3/22/2025', 20, 180
)
INSERT INTO OC_MEDICINE_HISTORY (SR_NO, MED_ID, MED_NAME, MED_POTENCY, "DESC", MGF_DATE, EXP_DATE, QUANTITY, PRICE) VALUES (1, 1120081, 'TALWIN', '68 MG', 'OXYCODONE HCL/ACETAMINOPHEN', '3/22/2020', '3/23/2025', 20, 181
)
INSERT INTO OC_MEDICINE_HISTORY (SR_NO, MED_ID, MED_NAME, MED_POTENCY, "DESC", MGF_DATE, EXP_DATE, QUANTITY, PRICE) VALUES (1, 1120082, 'TRAMADOL HCL', '69 MG', 'OXYCODONE HCL/ASPIRIN', '3/23/2020', '3/24/2025', 20, 182
)
INSERT INTO OC_MEDICINE_HISTORY (SR_NO, MED_ID, MED_NAME, MED_POTENCY, "DESC", MGF_DATE, EXP_DATE, QUANTITY, PRICE) VALUES (1, 1120083, 'TRAMADOL HCL ER', '70 MG', 'OXYCODONE HCL/ACETAMINOPHEN', '3/24/2020', '3/25/2025', 20, 183
)
INSERT INTO OC_MEDICINE_HISTORY (SR_NO, MED_ID, MED_NAME, MED_POTENCY, "DESC", MGF_DATE, EXP_DATE, QUANTITY, PRICE) VALUES (1, 1120084, 'TRAMADOL HCL-ACETAMINOPHEN', '1 MG', 'HYDROCODONE/IBUPROFEN', '3/25/2020', '3/26/2025', 20, 184
)
INSERT INTO OC_MEDICINE_HISTORY (SR_NO, MED_ID, MED_NAME, MED_POTENCY, "DESC", MGF_DATE, EXP_DATE, QUANTITY, PRICE) VALUES (1, 1120085, 'TREZIX', '2 MG', 'OXYCODONE HCL/ACETAMINOPHEN', '3/26/2020', '3/27/2025', 20, 185
)
INSERT INTO OC_MEDICINE_HISTORY (SR_NO, MED_ID, MED_NAME, MED_POTENCY, "DESC", MGF_DATE, EXP_DATE, QUANTITY, PRICE) VALUES (1, 1120086, 'TYLENOL-CODEINE NO.3', '3 MG', 'OXYCODONE HCL', '3/27/2020', '3/28/2025', 20, 186
)
INSERT INTO OC_MEDICINE_HISTORY (SR_NO, MED_ID, MED_NAME, MED_POTENCY, "DESC", MGF_DATE, EXP_DATE, QUANTITY, PRICE) VALUES (1, 1120087, 'TYLENOL-CODEINE NO.4', '4 MG', 'TRAMADOL HCL', '3/28/2020', '3/29/2025', 20, 187
)
INSERT INTO OC_MEDICINE_HISTORY (SR_NO, MED_ID, MED_NAME, MED_POTENCY, "DESC", MGF_DATE, EXP_DATE, QUANTITY, PRICE) VALUES (1, 1120088, 'ULTRACET', '5 MG', 'HYDROCODONE/ACETAMINOPHEN', '3/29/2020', '3/30/2025', 20, 188
)
INSERT INTO OC_MEDICINE_HISTORY (SR_NO, MED_ID, MED_NAME, MED_POTENCY, "DESC", MGF_DATE, EXP_DATE, QUANTITY, PRICE) VALUES (1, 1120089, 'ULTRAM', '6 MG', 'FENTANYL', '3/30/2020', '3/31/2025', 20, 189
)
INSERT INTO OC_MEDICINE_HISTORY (SR_NO, MED_ID, MED_NAME, MED_POTENCY, "DESC", MGF_DATE, EXP_DATE, QUANTITY, PRICE) VALUES (1, 1120090, 'ULTRAM ER', '7 MG', 'DIHYDROCODEINE/ASPIRIN/CAFFEIN', '3/31/2020', '4/1/2025', 20, 190
)
INSERT INTO OC_MEDICINE_HISTORY (SR_NO, MED_ID, MED_NAME, MED_POTENCY, "DESC", MGF_DATE, EXP_DATE, QUANTITY, PRICE) VALUES (1, 1120091, 'VICODIN', '8 MG', 'PENTAZOCINE LACTATE', '4/1/2020', '4/2/2025', 20, 191
)
INSERT INTO OC_MEDICINE_HISTORY (SR_NO, MED_ID, MED_NAME, MED_POTENCY, "DESC", MGF_DATE, EXP_DATE, QUANTITY, PRICE) VALUES (1, 1120092, 'VICODIN ES', '9 MG', 'TRAMADOL HCL', '4/2/2020', '4/3/2025', 20, 192
)
INSERT INTO OC_MEDICINE_HISTORY (SR_NO, MED_ID, MED_NAME, MED_POTENCY, "DESC", MGF_DATE, EXP_DATE, QUANTITY, PRICE) VALUES (1, 1120093, 'VICODIN HP', '10 MG', 'TRAMADOL HCL', '4/3/2020', '4/4/2025', 20, 193
)
INSERT INTO OC_MEDICINE_HISTORY (SR_NO, MED_ID, MED_NAME, MED_POTENCY, "DESC", MGF_DATE, EXP_DATE, QUANTITY, PRICE) VALUES (1, 1120094, 'VICOPROFEN', '11 MG', 'TRAMADOL HCL/ACETAMINOPHEN', '4/4/2020', '4/5/2025', 20, 194
)
INSERT INTO OC_MEDICINE_HISTORY (SR_NO, MED_ID, MED_NAME, MED_POTENCY, "DESC", MGF_DATE, EXP_DATE, QUANTITY, PRICE) VALUES (1, 1120095, 'XARTEMIS XR', '12 MG', 'DHCODEINE BT/ACETAMINOPHN/CAFF', '4/5/2020', '4/6/2025', 20, 195
)
INSERT INTO OC_MEDICINE_HISTORY (SR_NO, MED_ID, MED_NAME, MED_POTENCY, "DESC", MGF_DATE, EXP_DATE, QUANTITY, PRICE) VALUES (1, 1120096, 'XODOL 10-300', '13 MG', 'ACETAMINOPHEN WITH CODEINE', '4/6/2020', '4/7/2025', 20, 196
)
INSERT INTO OC_MEDICINE_HISTORY (SR_NO, MED_ID, MED_NAME, MED_POTENCY, "DESC", MGF_DATE, EXP_DATE, QUANTITY, PRICE) VALUES (1, 1120097, 'XODOL 5-300', '14 MG', 'ACETAMINOPHEN WITH CODEINE', '4/7/2020', '4/8/2025', 20, 197
)
INSERT INTO OC_MEDICINE_HISTORY (SR_NO, MED_ID, MED_NAME, MED_POTENCY, "DESC", MGF_DATE, EXP_DATE, QUANTITY, PRICE) VALUES (1, 1120098, 'XODOL 7.5-300', '15 MG', 'HYDROCODONE/ACETAMINOPHEN', '4/8/2020', '4/9/2025', 20, 198
)


/*OC_VISITS DATA ENTERIES*/
INSERT INTO OC_VISITS (VISIT_NO, PAT_ID, DOC_ID, PROBLEMS, DIAGNOSIS, VISIT_DATE, VISIT_TIME, FEE) VALUES (010001, 00001, 110001, 'Cough', 'Flangilitis', CONVERT(DATE, '1/1/2020'), CONVERT(TIME, '13:30'), 1000
)
INSERT INTO OC_VISITS (VISIT_NO, PAT_ID, DOC_ID, PROBLEMS, DIAGNOSIS, VISIT_DATE, VISIT_TIME, FEE) VALUES (010001, 00002, 110002, 'Fever', 'Tonscils', CONVERT(DATE, '1/1/2020'), CONVERT(TIME, '14:30'), 3500
)
INSERT INTO OC_VISITS (VISIT_NO, PAT_ID, DOC_ID, PROBLEMS, DIAGNOSIS, VISIT_DATE, VISIT_TIME, FEE) VALUES (010001, 00003, 110003, 'Depression, Anxiety', 'Lack of sleep', CONVERT(DATE, '1/1/2020'), CONVERT(TIME, '15:30'), 3000
)
INSERT INTO OC_VISITS (VISIT_NO, PAT_ID, DOC_ID, PROBLEMS, DIAGNOSIS, VISIT_DATE, VISIT_TIME, FEE) VALUES (010001, 00004, 110004, 'Depression, Anxiety', 'Lack of sleep', CONVERT(DATE, '1/1/2020'), CONVERT(TIME, '16:30'), 2500
)
INSERT INTO OC_VISITS (VISIT_NO, PAT_ID, DOC_ID, PROBLEMS, DIAGNOSIS, VISIT_DATE, VISIT_TIME, FEE) VALUES (010001, 00005, 110005, 'Depression, Anxiety', 'Lack of sleep', CONVERT(DATE, '1/1/2020'), CONVERT(TIME, '17:30'), 2500
)
INSERT INTO OC_VISITS (VISIT_NO, PAT_ID, DOC_ID, PROBLEMS, DIAGNOSIS, VISIT_DATE, VISIT_TIME, FEE) VALUES (010001, 00006, 110006, 'Teeth Problem', 'Lack of brushing', CONVERT(DATE, '1/1/2020'), CONVERT(TIME, '18:30'), 1000
)
INSERT INTO OC_VISITS (VISIT_NO, PAT_ID, DOC_ID, PROBLEMS, DIAGNOSIS, VISIT_DATE, VISIT_TIME, FEE) VALUES (010001, 00007, 110007, 'Ear Pain', 'Tonscils', CONVERT(DATE, '1/1/2020'), CONVERT(TIME, '19:30'), 2000
)
INSERT INTO OC_VISITS (VISIT_NO, PAT_ID, DOC_ID, PROBLEMS, DIAGNOSIS, VISIT_DATE, VISIT_TIME, FEE) VALUES (010001, 00008, 110008, 'Nausea', 'Stomach Upset', CONVERT(DATE, '1/1/2020'), CONVERT(TIME, '20:30'), 2000
)
INSERT INTO OC_VISITS (VISIT_NO, PAT_ID, DOC_ID, PROBLEMS, DIAGNOSIS, VISIT_DATE, VISIT_TIME, FEE) VALUES (010001, 00009, 110009, 'Headache', 'Tonscils', CONVERT(DATE, '1/1/2020'), CONVERT(TIME, '21:30'), 1000
)
INSERT INTO OC_VISITS (VISIT_NO, PAT_ID, DOC_ID, PROBLEMS, DIAGNOSIS, VISIT_DATE, VISIT_TIME, FEE) VALUES (010001, 00010, 110010, 'Sinus Problem', 'Tonscils, Flangilitis', CONVERT(DATE, '1/1/2020'), CONVERT(TIME, '22:30'), 1000
)
INSERT INTO OC_VISITS (VISIT_NO, PAT_ID, DOC_ID, PROBLEMS, DIAGNOSIS, VISIT_DATE, VISIT_TIME, FEE) VALUES (010001, 00011, 110010, 'Bodyache', 'Flangilitis', CONVERT(DATE, '1/2/2020'), CONVERT(TIME, '13:30'), 1000
)
INSERT INTO OC_VISITS (VISIT_NO, PAT_ID, DOC_ID, PROBLEMS, DIAGNOSIS, VISIT_DATE, VISIT_TIME, FEE) VALUES (010001, 00011, 110011, 'Teeth Problem', 'Gum Infection', CONVERT(DATE, '1/3/2020'), CONVERT(TIME, '15:30'), 7000
)
INSERT INTO OC_VISITS (VISIT_NO, PAT_ID, DOC_ID, PROBLEMS, DIAGNOSIS, VISIT_DATE, VISIT_TIME, FEE) VALUES (010001, 00011, 110012, 'Bodyache', 'Fever', CONVERT(DATE, '1/4/2020'), CONVERT(TIME, '16:30'), 1000
)
INSERT INTO OC_VISITS (VISIT_NO, PAT_ID, DOC_ID, PROBLEMS, DIAGNOSIS, VISIT_DATE, VISIT_TIME, FEE) VALUES (010001, 00006, 110013, 'Root Canal', 'Root Canal', CONVERT(DATE, '1/5/2020'), CONVERT(TIME, '17:30'), 2000
)
INSERT INTO OC_VISITS (VISIT_NO, PAT_ID, DOC_ID, PROBLEMS, DIAGNOSIS, VISIT_DATE, VISIT_TIME, FEE) VALUES (010002, 00002, 110002, 'Fever', 'Cold', CONVERT(DATE, '1/5/2020'), CONVERT(TIME, '18:30'), 3500
)
INSERT INTO OC_VISITS (VISIT_NO, PAT_ID, DOC_ID, PROBLEMS, DIAGNOSIS, VISIT_DATE, VISIT_TIME, FEE) VALUES (010001, 00009, 110002, 'Fever', 'Cold', CONVERT(DATE, '1/5/2020'), CONVERT(TIME, '19:30'), 3500
)
INSERT INTO OC_VISITS (VISIT_NO, PAT_ID, DOC_ID, PROBLEMS, DIAGNOSIS, VISIT_DATE, VISIT_TIME, FEE) VALUES (010002, 00009, 110002, 'Fever', 'Cold', CONVERT(DATE, '2/5/2020'), CONVERT(TIME, '20:30'), 3500
)
INSERT INTO OC_VISITS (VISIT_NO, PAT_ID, DOC_ID, PROBLEMS, DIAGNOSIS, VISIT_DATE, VISIT_TIME, FEE) VALUES (010003, 00009, 110002, 'Fever', 'Cold', CONVERT(DATE, '3/5/2020'), CONVERT(TIME, '21:30'), 3500
)
INSERT INTO OC_VISITS (VISIT_NO, PAT_ID, DOC_ID, PROBLEMS, DIAGNOSIS, VISIT_DATE, VISIT_TIME, FEE) VALUES (010001, 00060, 110014, 'Tonscils', 'Acute Throat Inflamation', CONVERT(DATE, '1/5/2020'), CONVERT(TIME, '22:30'), 3500
)
INSERT INTO OC_VISITS (VISIT_NO, PAT_ID, DOC_ID, PROBLEMS, DIAGNOSIS, VISIT_DATE, VISIT_TIME, FEE) VALUES (010001, 00061, 110015, 'Cough', 'Tonscils', CONVERT(DATE, '1/6/2020'), CONVERT(TIME, '15:30'), 5000
)
INSERT INTO OC_VISITS (VISIT_NO, PAT_ID, DOC_ID, PROBLEMS, DIAGNOSIS, VISIT_DATE, VISIT_TIME, FEE) VALUES (010001, 00062, 110016, 'Sore Throat', 'Tonscils', CONVERT(DATE, '1/6/2020'), CONVERT(TIME, '15:50'), 2000
)
INSERT INTO OC_VISITS (VISIT_NO, PAT_ID, DOC_ID, PROBLEMS, DIAGNOSIS, VISIT_DATE, VISIT_TIME, FEE) VALUES (010001, 00063, 110017, 'Respiratory Issue', 'Acute Respiratory Syndrome', CONVERT(DATE, '1/6/2020'), CONVERT(TIME, '16:10'), 1000
)
INSERT INTO OC_VISITS (VISIT_NO, PAT_ID, DOC_ID, PROBLEMS, DIAGNOSIS, VISIT_DATE, VISIT_TIME, FEE) VALUES (010001, 00064, 110018, 'Fever', 'Tonscils', CONVERT(DATE, '1/6/2020'), CONVERT(TIME, '16:50'), 3000
)
INSERT INTO OC_VISITS (VISIT_NO, PAT_ID, DOC_ID, PROBLEMS, DIAGNOSIS, VISIT_DATE, VISIT_TIME, FEE) VALUES (010001, 00065, 110019, 'Bodyache', 'Tonscils', CONVERT(DATE, '1/6/2020'), CONVERT(TIME, '19:30'), 4000
)
INSERT INTO OC_VISITS (VISIT_NO, PAT_ID, DOC_ID, PROBLEMS, DIAGNOSIS, VISIT_DATE, VISIT_TIME, FEE) VALUES (010001, 00066, 110020, 'Headache', 'Cold', CONVERT(DATE, '1/8/2020'), CONVERT(TIME, '16:30'), 1500
)
INSERT INTO OC_VISITS (VISIT_NO, PAT_ID, DOC_ID, PROBLEMS, DIAGNOSIS, VISIT_DATE, VISIT_TIME, FEE) VALUES (010001, 00067, 110021, 'Backache', 'Lack of sleep', CONVERT(DATE, '1/8/2020'), CONVERT(TIME, '17:00'), 2000
)
INSERT INTO OC_VISITS (VISIT_NO, PAT_ID, DOC_ID, PROBLEMS, DIAGNOSIS, VISIT_DATE, VISIT_TIME, FEE) VALUES (010001, 00068, 110021, 'Root Canal', 'Root Canal', CONVERT(DATE, '1/8/2020'), CONVERT(TIME, '17:30'), 2000
)
INSERT INTO OC_VISITS (VISIT_NO, PAT_ID, DOC_ID, PROBLEMS, DIAGNOSIS, VISIT_DATE, VISIT_TIME, FEE) VALUES (010001, 00069, 110021, 'Bleeding from Teeths', 'Cavtity in left side', CONVERT(DATE, '1/8/2020'), CONVERT(TIME, '17:30'), 2000
)
INSERT INTO OC_VISITS (VISIT_NO, PAT_ID, DOC_ID, PROBLEMS, DIAGNOSIS, VISIT_DATE, VISIT_TIME, FEE) VALUES (010001, 00070, 110021, 'Gum Infection', 'Cavtity in left side', CONVERT(DATE, '1/8/2020'), CONVERT(TIME, '19:30'), 2000)


/*OC_PERSCRIPTION DATA ENTERIES*/
INSERT INTO OC_PERSCRIPTION (PER_ID, VISIT_NO, PAT_ID, MED_ID, DOC_ID, QUANTITY) VALUES (000001, 010001, 00001, 1120000, 110001, 2
)
INSERT INTO OC_PERSCRIPTION (PER_ID, VISIT_NO, PAT_ID, MED_ID, DOC_ID, QUANTITY) VALUES (000001, 010001, 00001, 1120003, 110001, 3
)
INSERT INTO OC_PERSCRIPTION (PER_ID, VISIT_NO, PAT_ID, MED_ID, DOC_ID, QUANTITY) VALUES (000001, 010001, 00001, 1120001, 110001, 4
)
INSERT INTO OC_PERSCRIPTION (PER_ID, VISIT_NO, PAT_ID, MED_ID, DOC_ID, QUANTITY) VALUES (000002, 010001, 00002, 1120007, 110002, 5
)
INSERT INTO OC_PERSCRIPTION (PER_ID, VISIT_NO, PAT_ID, MED_ID, DOC_ID, QUANTITY) VALUES (000003, 010001, 00003, 1120001, 110003, 5
)
INSERT INTO OC_PERSCRIPTION (PER_ID, VISIT_NO, PAT_ID, MED_ID, DOC_ID, QUANTITY) VALUES (000004, 010001, 00004, 1120010, 110004, 1
)
INSERT INTO OC_PERSCRIPTION (PER_ID, VISIT_NO, PAT_ID, MED_ID, DOC_ID, QUANTITY) VALUES (000005, 010001, 00005, 1120011, 110005, 2
)
INSERT INTO OC_PERSCRIPTION (PER_ID, VISIT_NO, PAT_ID, MED_ID, DOC_ID, QUANTITY) VALUES (000006, 010001, 00006, 1120012, 110006, 3
)
INSERT INTO OC_PERSCRIPTION (PER_ID, VISIT_NO, PAT_ID, MED_ID, DOC_ID, QUANTITY) VALUES (000007, 010001, 00007, 1120013, 110007, 4
)
INSERT INTO OC_PERSCRIPTION (PER_ID, VISIT_NO, PAT_ID, MED_ID, DOC_ID, QUANTITY) VALUES (000008, 010001, 00008, 1120014, 110008, 5
)
INSERT INTO OC_PERSCRIPTION (PER_ID, VISIT_NO, PAT_ID, MED_ID, DOC_ID, QUANTITY) VALUES (000009, 010001, 00009, 1120015, 110009, 1
)
INSERT INTO OC_PERSCRIPTION (PER_ID, VISIT_NO, PAT_ID, MED_ID, DOC_ID, QUANTITY) VALUES (000010, 010001, 00010, 1120016, 110010, 2
)
INSERT INTO OC_PERSCRIPTION (PER_ID, VISIT_NO, PAT_ID, MED_ID, DOC_ID, QUANTITY) VALUES (000011, 010001, 00011, 1120017, 110010, 3
)
INSERT INTO OC_PERSCRIPTION (PER_ID, VISIT_NO, PAT_ID, MED_ID, DOC_ID, QUANTITY) VALUES (000012, 010001, 00011, 1120018, 110011, 4
)
INSERT INTO OC_PERSCRIPTION (PER_ID, VISIT_NO, PAT_ID, MED_ID, DOC_ID, QUANTITY) VALUES (000013, 010001, 00011, 1120019, 110012, 5
)
INSERT INTO OC_PERSCRIPTION (PER_ID, VISIT_NO, PAT_ID, MED_ID, DOC_ID, QUANTITY) VALUES (000014, 010001, 00006, 1120020, 110013, 6
)
INSERT INTO OC_PERSCRIPTION (PER_ID, VISIT_NO, PAT_ID, MED_ID, DOC_ID, QUANTITY) VALUES (000015, 010002, 00002, 1120020, 110002, 5
)
INSERT INTO OC_PERSCRIPTION (PER_ID, VISIT_NO, PAT_ID, MED_ID, DOC_ID, QUANTITY) VALUES (000015, 010002, 00002, 1120021, 110002, 7
)
INSERT INTO OC_PERSCRIPTION (PER_ID, VISIT_NO, PAT_ID, MED_ID, DOC_ID, QUANTITY) VALUES (000016, 010001, 00009, 1120022, 110002, 3
)
INSERT INTO OC_PERSCRIPTION (PER_ID, VISIT_NO, PAT_ID, MED_ID, DOC_ID, QUANTITY) VALUES (000017, 010002, 00009, 1120032, 110002, 2
)
INSERT INTO OC_PERSCRIPTION (PER_ID, VISIT_NO, PAT_ID, MED_ID, DOC_ID, QUANTITY) VALUES (000017, 010002, 00009, 1120023, 110002, 4
)
INSERT INTO OC_PERSCRIPTION (PER_ID, VISIT_NO, PAT_ID, MED_ID, DOC_ID, QUANTITY) VALUES (000018, 010003, 00009, 1120024, 110002, 5
)
INSERT INTO OC_PERSCRIPTION (PER_ID, VISIT_NO, PAT_ID, MED_ID, DOC_ID, QUANTITY) VALUES (000019, 010001, 00060, 1120025, 110014, 6
)
INSERT INTO OC_PERSCRIPTION (PER_ID, VISIT_NO, PAT_ID, MED_ID, DOC_ID, QUANTITY) VALUES (000020, 010001, 00061, 1120035, 110015, 1
)
INSERT INTO OC_PERSCRIPTION (PER_ID, VISIT_NO, PAT_ID, MED_ID, DOC_ID, QUANTITY) VALUES (000021, 010001, 00062, 1120036, 110016, 2
)
INSERT INTO OC_PERSCRIPTION (PER_ID, VISIT_NO, PAT_ID, MED_ID, DOC_ID, QUANTITY) VALUES (000022, 010001, 00063, 1120037, 110017, 3
)
INSERT INTO OC_PERSCRIPTION (PER_ID, VISIT_NO, PAT_ID, MED_ID, DOC_ID, QUANTITY) VALUES (000023, 010001, 00064, 1120056, 110018, 1
)
INSERT INTO OC_PERSCRIPTION (PER_ID, VISIT_NO, PAT_ID, MED_ID, DOC_ID, QUANTITY) VALUES (000023, 010001, 00064, 1120057, 110018, 1
)
INSERT INTO OC_PERSCRIPTION (PER_ID, VISIT_NO, PAT_ID, MED_ID, DOC_ID, QUANTITY) VALUES (000023, 010001, 00064, 1120058, 110018, 1
)
INSERT INTO OC_PERSCRIPTION (PER_ID, VISIT_NO, PAT_ID, MED_ID, DOC_ID, QUANTITY) VALUES (000023, 010001, 00064, 1120038, 110018, 4
)
INSERT INTO OC_PERSCRIPTION (PER_ID, VISIT_NO, PAT_ID, MED_ID, DOC_ID, QUANTITY) VALUES (000024, 010001, 00065, 1120055, 110019, 4
)
INSERT INTO OC_PERSCRIPTION (PER_ID, VISIT_NO, PAT_ID, MED_ID, DOC_ID, QUANTITY) VALUES (000024, 010001, 00065, 1120039, 110019, 6
)
INSERT INTO OC_PERSCRIPTION (PER_ID, VISIT_NO, PAT_ID, MED_ID, DOC_ID, QUANTITY) VALUES (000025, 010001, 00066, 1120040, 110020, 5
)
INSERT INTO OC_PERSCRIPTION (PER_ID, VISIT_NO, PAT_ID, MED_ID, DOC_ID, QUANTITY) VALUES (000026, 010001, 00067, 1120041, 110021, 8
)
INSERT INTO OC_PERSCRIPTION (PER_ID, VISIT_NO, PAT_ID, MED_ID, DOC_ID, QUANTITY) VALUES (000027, 010001, 00068, 1120042, 110021, 1
)
INSERT INTO OC_PERSCRIPTION (PER_ID, VISIT_NO, PAT_ID, MED_ID, DOC_ID, QUANTITY) VALUES (000028, 010001, 00069, 1120043, 110021, 2
)
INSERT INTO OC_PERSCRIPTION (PER_ID, VISIT_NO, PAT_ID, MED_ID, DOC_ID, QUANTITY) VALUES (000029, 010001, 00070, 1120044, 110021, 4
)
INSERT INTO OC_PERSCRIPTION (PER_ID, VISIT_NO, PAT_ID, MED_ID, DOC_ID, QUANTITY) VALUES (000029, 010001, 00070, 1120047, 110021, 3
)
INSERT INTO OC_PERSCRIPTION (PER_ID, VISIT_NO, PAT_ID, MED_ID, DOC_ID, QUANTITY) VALUES (000029, 010001, 00070, 1120048, 110021, 4
)
INSERT INTO OC_PERSCRIPTION (PER_ID, VISIT_NO, PAT_ID, MED_ID, DOC_ID, QUANTITY) VALUES (000029, 010001, 00070, 1120049, 110021, 4
)
INSERT INTO OC_PERSCRIPTION (PER_ID, VISIT_NO, PAT_ID, MED_ID, DOC_ID, QUANTITY) VALUES (000029, 010001, 00070, 1120050, 110021, 4
)
INSERT INTO OC_PERSCRIPTION (PER_ID, VISIT_NO, PAT_ID, MED_ID, DOC_ID, QUANTITY) VALUES (000029, 010001, 00070, 1120051, 110021, 5
)
INSERT INTO OC_PERSCRIPTION (PER_ID, VISIT_NO, PAT_ID, MED_ID, DOC_ID, QUANTITY) VALUES (000029, 010001, 00070, 1120052, 110021, 2
)


/*OC_RECEIPT DATA ENTERIES*/
INSERT INTO OC_RECEIPT (RECEIPT_NO, RECEIPT_DATE, RECEIPT_TIME, TOTAL_COST) VALUES (1100001, CONVERT(DATE, '1/1/2020'), CONVERT(TIME, '13:30'), 1913
)
INSERT INTO OC_RECEIPT (RECEIPT_NO, RECEIPT_DATE, RECEIPT_TIME, TOTAL_COST) VALUES (1100002, CONVERT(DATE, '1/1/2020'), CONVERT(TIME, '14:30'), 4035
)
INSERT INTO OC_RECEIPT (RECEIPT_NO, RECEIPT_DATE, RECEIPT_TIME, TOTAL_COST) VALUES (1100003, CONVERT(DATE, '1/1/2020'), CONVERT(TIME, '15:30'), 3505
)
INSERT INTO OC_RECEIPT (RECEIPT_NO, RECEIPT_DATE, RECEIPT_TIME, TOTAL_COST) VALUES (1100004, CONVERT(DATE, '1/1/2020'), CONVERT(TIME, '16:30'), 2610
)
INSERT INTO OC_RECEIPT (RECEIPT_NO, RECEIPT_DATE, RECEIPT_TIME, TOTAL_COST) VALUES (1100005, CONVERT(DATE, '1/1/2020'), CONVERT(TIME, '17:30'), 2722
)
INSERT INTO OC_RECEIPT (RECEIPT_NO, RECEIPT_DATE, RECEIPT_TIME, TOTAL_COST) VALUES (1100006, CONVERT(DATE, '1/1/2020'), CONVERT(TIME, '18:30'), 1336
)
INSERT INTO OC_RECEIPT (RECEIPT_NO, RECEIPT_DATE, RECEIPT_TIME, TOTAL_COST) VALUES (1100007, CONVERT(DATE, '1/1/2020'), CONVERT(TIME, '19:30'), 2452
)
INSERT INTO OC_RECEIPT (RECEIPT_NO, RECEIPT_DATE, RECEIPT_TIME, TOTAL_COST) VALUES (1100008, CONVERT(DATE, '1/1/2020'), CONVERT(TIME, '20:30'), 2570
)
INSERT INTO OC_RECEIPT (RECEIPT_NO, RECEIPT_DATE, RECEIPT_TIME, TOTAL_COST) VALUES (1100009, CONVERT(DATE, '1/1/2020'), CONVERT(TIME, '21:30'), 1115
)
INSERT INTO OC_RECEIPT (RECEIPT_NO, RECEIPT_DATE, RECEIPT_TIME, TOTAL_COST) VALUES (1100010, CONVERT(DATE, '1/1/2020'), CONVERT(TIME, '22:30'), 1232
)
INSERT INTO OC_RECEIPT (RECEIPT_NO, RECEIPT_DATE, RECEIPT_TIME, TOTAL_COST) VALUES (1100011, CONVERT(DATE, '1/2/2020'), CONVERT(TIME, '13:30'), 1351
)
INSERT INTO OC_RECEIPT (RECEIPT_NO, RECEIPT_DATE, RECEIPT_TIME, TOTAL_COST) VALUES (1100012, CONVERT(DATE, '1/3/2020'), CONVERT(TIME, '15:30'), 7472
)
INSERT INTO OC_RECEIPT (RECEIPT_NO, RECEIPT_DATE, RECEIPT_TIME, TOTAL_COST) VALUES (1100013, CONVERT(DATE, '1/4/2020'), CONVERT(TIME, '16:30'), 1595
)
INSERT INTO OC_RECEIPT (RECEIPT_NO, RECEIPT_DATE, RECEIPT_TIME, TOTAL_COST) VALUES (1100014, CONVERT(DATE, '1/5/2020'), CONVERT(TIME, '17:30'), 2720
)
INSERT INTO OC_RECEIPT (RECEIPT_NO, RECEIPT_DATE, RECEIPT_TIME, TOTAL_COST) VALUES (1100015, CONVERT(DATE, '1/5/2020'), CONVERT(TIME, '18:30'), 4947
)
INSERT INTO OC_RECEIPT (RECEIPT_NO, RECEIPT_DATE, RECEIPT_TIME, TOTAL_COST) VALUES (1100016, CONVERT(DATE, '1/5/2020'), CONVERT(TIME, '19:30'), 3866
)
INSERT INTO OC_RECEIPT (RECEIPT_NO, RECEIPT_DATE, RECEIPT_TIME, TOTAL_COST) VALUES (1100017, CONVERT(DATE, '2/5/2020'), CONVERT(TIME, '20:30'), 4256
)
INSERT INTO OC_RECEIPT (RECEIPT_NO, RECEIPT_DATE, RECEIPT_TIME, TOTAL_COST) VALUES (1100018, CONVERT(DATE, '3/5/2020'), CONVERT(TIME, '21:30'), 4120
)
INSERT INTO OC_RECEIPT (RECEIPT_NO, RECEIPT_DATE, RECEIPT_TIME, TOTAL_COST) VALUES (1100019, CONVERT(DATE, '1/5/2020'), CONVERT(TIME, '22:30'), 4250
)
INSERT INTO OC_RECEIPT (RECEIPT_NO, RECEIPT_DATE, RECEIPT_TIME, TOTAL_COST) VALUES (1100020, CONVERT(DATE, '1/6/2020'), CONVERT(TIME, '15:30'), 5135
)
INSERT INTO OC_RECEIPT (RECEIPT_NO, RECEIPT_DATE, RECEIPT_TIME, TOTAL_COST) VALUES (1100021, CONVERT(DATE, '1/6/2020'), CONVERT(TIME, '15:50'), 2272
)
INSERT INTO OC_RECEIPT (RECEIPT_NO, RECEIPT_DATE, RECEIPT_TIME, TOTAL_COST) VALUES (1100022, CONVERT(DATE, '1/6/2020'), CONVERT(TIME, '16:10'), 1411
)
INSERT INTO OC_RECEIPT (RECEIPT_NO, RECEIPT_DATE, RECEIPT_TIME, TOTAL_COST) VALUES (1100023, CONVERT(DATE, '1/6/2020'), CONVERT(TIME, '16:50'), 4023
)
INSERT INTO OC_RECEIPT (RECEIPT_NO, RECEIPT_DATE, RECEIPT_TIME, TOTAL_COST) VALUES (1100024, CONVERT(DATE, '1/6/2020'), CONVERT(TIME, '19:30'), 5454
)
INSERT INTO OC_RECEIPT (RECEIPT_NO, RECEIPT_DATE, RECEIPT_TIME, TOTAL_COST) VALUES (1100025, CONVERT(DATE, '1/8/2020'), CONVERT(TIME, '16:30'), 2200
)
INSERT INTO OC_RECEIPT (RECEIPT_NO, RECEIPT_DATE, RECEIPT_TIME, TOTAL_COST) VALUES (1100026, CONVERT(DATE, '1/8/2020'), CONVERT(TIME, '17:00'), 3128
)
INSERT INTO OC_RECEIPT (RECEIPT_NO, RECEIPT_DATE, RECEIPT_TIME, TOTAL_COST) VALUES (1100027, CONVERT(DATE, '1/8/2020'), CONVERT(TIME, '17:30'), 2142
)
INSERT INTO OC_RECEIPT (RECEIPT_NO, RECEIPT_DATE, RECEIPT_TIME, TOTAL_COST) VALUES (1100028, CONVERT(DATE, '1/8/2020'), CONVERT(TIME, '17:30'), 2286
)
INSERT INTO OC_RECEIPT (RECEIPT_NO, RECEIPT_DATE, RECEIPT_TIME, TOTAL_COST) VALUES (1100029, CONVERT(DATE, '1/8/2020'), CONVERT(TIME, '19:30'), 5864
)

/*OC_RECEIPT_DETAILS DATA ENTERIES*/
INSERT INTO OC_RECEIPT_DETAILS (RECEIPT_NO, PER_ID, VISIT_NO, PAT_ID, MED_ID, QUANTITY, TOTAL_COST) VALUES (1100001, 000001, 10001, 00001, 1120000, 2, 200
)
INSERT INTO OC_RECEIPT_DETAILS (RECEIPT_NO, PER_ID, VISIT_NO, PAT_ID, MED_ID, QUANTITY, TOTAL_COST) VALUES (1100001, 000001, 10001, 00001, 1120003, 3, 309
)
INSERT INTO OC_RECEIPT_DETAILS (RECEIPT_NO, PER_ID, VISIT_NO, PAT_ID, MED_ID, QUANTITY, TOTAL_COST) VALUES (1100001, 000001, 10001, 00001, 1120001, 4, 404
)
INSERT INTO OC_RECEIPT_DETAILS (RECEIPT_NO, PER_ID, VISIT_NO, PAT_ID, MED_ID, QUANTITY, TOTAL_COST) VALUES (1100002, 000002, 10001, 00002, 1120007, 5, 535
)
INSERT INTO OC_RECEIPT_DETAILS (RECEIPT_NO, PER_ID, VISIT_NO, PAT_ID, MED_ID, QUANTITY, TOTAL_COST) VALUES (1100003, 000003, 10001, 00003, 1120001, 5, 505
)
INSERT INTO OC_RECEIPT_DETAILS (RECEIPT_NO, PER_ID, VISIT_NO, PAT_ID, MED_ID, QUANTITY, TOTAL_COST) VALUES (1100004, 000004, 10001, 00004, 1120010, 1, 110
)
INSERT INTO OC_RECEIPT_DETAILS (RECEIPT_NO, PER_ID, VISIT_NO, PAT_ID, MED_ID, QUANTITY, TOTAL_COST) VALUES (1100005, 000005, 10001, 00005, 1120011, 2, 222
)
INSERT INTO OC_RECEIPT_DETAILS (RECEIPT_NO, PER_ID, VISIT_NO, PAT_ID, MED_ID, QUANTITY, TOTAL_COST) VALUES (1100006, 000006, 10001, 00006, 1120012, 3, 336
)
INSERT INTO OC_RECEIPT_DETAILS (RECEIPT_NO, PER_ID, VISIT_NO, PAT_ID, MED_ID, QUANTITY, TOTAL_COST) VALUES (1100007, 000007, 10001, 00007, 1120013, 4, 452
)
INSERT INTO OC_RECEIPT_DETAILS (RECEIPT_NO, PER_ID, VISIT_NO, PAT_ID, MED_ID, QUANTITY, TOTAL_COST) VALUES (1100008, 000008, 10001, 00008, 1120014, 5, 570
)
INSERT INTO OC_RECEIPT_DETAILS (RECEIPT_NO, PER_ID, VISIT_NO, PAT_ID, MED_ID, QUANTITY, TOTAL_COST) VALUES (1100009, 000009, 10001, 00009, 1120015, 1, 115
)
INSERT INTO OC_RECEIPT_DETAILS (RECEIPT_NO, PER_ID, VISIT_NO, PAT_ID, MED_ID, QUANTITY, TOTAL_COST) VALUES (1100010, 000010, 10001, 00010, 1120016, 2, 232
)
INSERT INTO OC_RECEIPT_DETAILS (RECEIPT_NO, PER_ID, VISIT_NO, PAT_ID, MED_ID, QUANTITY, TOTAL_COST) VALUES (1100011, 000011, 10001, 00011, 1120017, 3, 351
)
INSERT INTO OC_RECEIPT_DETAILS (RECEIPT_NO, PER_ID, VISIT_NO, PAT_ID, MED_ID, QUANTITY, TOTAL_COST) VALUES (1100012, 000012, 10001, 00011, 1120018, 4, 472
)
INSERT INTO OC_RECEIPT_DETAILS (RECEIPT_NO, PER_ID, VISIT_NO, PAT_ID, MED_ID, QUANTITY, TOTAL_COST) VALUES (1100013, 000013, 10001, 00011, 1120019, 5, 595
)
INSERT INTO OC_RECEIPT_DETAILS (RECEIPT_NO, PER_ID, VISIT_NO, PAT_ID, MED_ID, QUANTITY, TOTAL_COST) VALUES (1100014, 000014, 10001, 00006, 1120020, 6, 720
)
INSERT INTO OC_RECEIPT_DETAILS (RECEIPT_NO, PER_ID, VISIT_NO, PAT_ID, MED_ID, QUANTITY, TOTAL_COST) VALUES (1100015, 000015, 10002, 00002, 1120020, 5, 600
)
INSERT INTO OC_RECEIPT_DETAILS (RECEIPT_NO, PER_ID, VISIT_NO, PAT_ID, MED_ID, QUANTITY, TOTAL_COST) VALUES (1100015, 000015, 10002, 00002, 1120021, 7, 847
)
INSERT INTO OC_RECEIPT_DETAILS (RECEIPT_NO, PER_ID, VISIT_NO, PAT_ID, MED_ID, QUANTITY, TOTAL_COST) VALUES (1100016, 000016, 10001, 00009, 1120022, 3, 366
)
INSERT INTO OC_RECEIPT_DETAILS (RECEIPT_NO, PER_ID, VISIT_NO, PAT_ID, MED_ID, QUANTITY, TOTAL_COST) VALUES (1100017, 000017, 10002, 00009, 1120032, 2, 264
)
INSERT INTO OC_RECEIPT_DETAILS (RECEIPT_NO, PER_ID, VISIT_NO, PAT_ID, MED_ID, QUANTITY, TOTAL_COST) VALUES (1100017, 000017, 10002, 00009, 1120023, 4, 492
)
INSERT INTO OC_RECEIPT_DETAILS (RECEIPT_NO, PER_ID, VISIT_NO, PAT_ID, MED_ID, QUANTITY, TOTAL_COST) VALUES (1100018, 000018, 10003, 00009, 1120024, 5, 620
)
INSERT INTO OC_RECEIPT_DETAILS (RECEIPT_NO, PER_ID, VISIT_NO, PAT_ID, MED_ID, QUANTITY, TOTAL_COST) VALUES (1100019, 000019, 10001, 00060, 1120025, 6, 750
)
INSERT INTO OC_RECEIPT_DETAILS (RECEIPT_NO, PER_ID, VISIT_NO, PAT_ID, MED_ID, QUANTITY, TOTAL_COST) VALUES (1100020, 000020, 10001, 00061, 1120035, 1, 135
)
INSERT INTO OC_RECEIPT_DETAILS (RECEIPT_NO, PER_ID, VISIT_NO, PAT_ID, MED_ID, QUANTITY, TOTAL_COST) VALUES (1100021, 000021, 10001, 00062, 1120036, 2, 272
)
INSERT INTO OC_RECEIPT_DETAILS (RECEIPT_NO, PER_ID, VISIT_NO, PAT_ID, MED_ID, QUANTITY, TOTAL_COST) VALUES (1100022, 000022, 10001, 00063, 1120037, 3, 411
)
INSERT INTO OC_RECEIPT_DETAILS (RECEIPT_NO, PER_ID, VISIT_NO, PAT_ID, MED_ID, QUANTITY, TOTAL_COST) VALUES (1100023, 000023, 10001, 00064, 1120056, 1, 156
)
INSERT INTO OC_RECEIPT_DETAILS (RECEIPT_NO, PER_ID, VISIT_NO, PAT_ID, MED_ID, QUANTITY, TOTAL_COST) VALUES (1100023, 000023, 10001, 00064, 1120057, 1, 157
)
INSERT INTO OC_RECEIPT_DETAILS (RECEIPT_NO, PER_ID, VISIT_NO, PAT_ID, MED_ID, QUANTITY, TOTAL_COST) VALUES (1100023, 000023, 10001, 00064, 1120058, 1, 158
)
INSERT INTO OC_RECEIPT_DETAILS (RECEIPT_NO, PER_ID, VISIT_NO, PAT_ID, MED_ID, QUANTITY, TOTAL_COST) VALUES (1100023, 000023, 10001, 00064, 1120038, 4, 552
)
INSERT INTO OC_RECEIPT_DETAILS (RECEIPT_NO, PER_ID, VISIT_NO, PAT_ID, MED_ID, QUANTITY, TOTAL_COST) VALUES (1100024, 000024, 10001, 00065, 1120055, 4, 620
)
INSERT INTO OC_RECEIPT_DETAILS (RECEIPT_NO, PER_ID, VISIT_NO, PAT_ID, MED_ID, QUANTITY, TOTAL_COST) VALUES (1100024, 000024, 10001, 00065, 1120039, 6, 834
)
INSERT INTO OC_RECEIPT_DETAILS (RECEIPT_NO, PER_ID, VISIT_NO, PAT_ID, MED_ID, QUANTITY, TOTAL_COST) VALUES (1100025, 000025, 10001, 00066, 1120040, 5, 700
)
INSERT INTO OC_RECEIPT_DETAILS (RECEIPT_NO, PER_ID, VISIT_NO, PAT_ID, MED_ID, QUANTITY, TOTAL_COST) VALUES (1100026, 000026, 10001, 00067, 1120041, 8, 1128
)
INSERT INTO OC_RECEIPT_DETAILS (RECEIPT_NO, PER_ID, VISIT_NO, PAT_ID, MED_ID, QUANTITY, TOTAL_COST) VALUES (1100027, 000027, 10001, 00068, 1120042, 1, 142
)
INSERT INTO OC_RECEIPT_DETAILS (RECEIPT_NO, PER_ID, VISIT_NO, PAT_ID, MED_ID, QUANTITY, TOTAL_COST) VALUES (1100028, 000028, 10001, 00069, 1120043, 2, 286
)
INSERT INTO OC_RECEIPT_DETAILS (RECEIPT_NO, PER_ID, VISIT_NO, PAT_ID, MED_ID, QUANTITY, TOTAL_COST) VALUES (1100029, 000029, 10001, 00070, 1120044, 4, 576
)
INSERT INTO OC_RECEIPT_DETAILS (RECEIPT_NO, PER_ID, VISIT_NO, PAT_ID, MED_ID, QUANTITY, TOTAL_COST) VALUES (1100029, 000029, 10001, 00070, 1120047, 3, 441
)
INSERT INTO OC_RECEIPT_DETAILS (RECEIPT_NO, PER_ID, VISIT_NO, PAT_ID, MED_ID, QUANTITY, TOTAL_COST) VALUES (1100029, 000029, 10001, 00070, 1120048, 4, 592
)
INSERT INTO OC_RECEIPT_DETAILS (RECEIPT_NO, PER_ID, VISIT_NO, PAT_ID, MED_ID, QUANTITY, TOTAL_COST) VALUES (1100029, 000029, 10001, 00070, 1120049, 4, 596
)
INSERT INTO OC_RECEIPT_DETAILS (RECEIPT_NO, PER_ID, VISIT_NO, PAT_ID, MED_ID, QUANTITY, TOTAL_COST) VALUES (1100029, 000029, 10001, 00070, 1120050, 4, 600
)
INSERT INTO OC_RECEIPT_DETAILS (RECEIPT_NO, PER_ID, VISIT_NO, PAT_ID, MED_ID, QUANTITY, TOTAL_COST) VALUES (1100029, 000029, 10001, 00070, 1120051, 5, 755
)
INSERT INTO OC_RECEIPT_DETAILS (RECEIPT_NO, PER_ID, VISIT_NO, PAT_ID, MED_ID, QUANTITY, TOTAL_COST) VALUES (1100029, 000029, 10001, 00070, 1120052, 2, 304
)